Team,League,Year,RS,RA,W,OBP,SLG,BA,Playoffs,RankSeason,RankPlayoffs,G,OOBP,OSLG,RDPG,WPG
ARI,NL,2012,734,688,81,0.328,0.418,0.259,0,,,162,0.317,0.415,0.284,0.5
ATL,NL,2012,700,600,94,0.32,0.389,0.247,1,4,5,162,0.306,0.378,0.617,0.58
BAL,AL,2012,712,705,93,0.311,0.417,0.247,1,5,4,162,0.315,0.403,0.043,0.574
BOS,AL,2012,734,806,69,0.315,0.415,0.26,0,,,162,0.331,0.428,-0.444,0.426
CHC,NL,2012,613,759,61,0.302,0.378,0.24,0,,,162,0.335,0.424,-0.901,0.377
CHW,AL,2012,748,676,85,0.318,0.422,0.255,0,,,162,0.319,0.405,0.444,0.525
CIN,NL,2012,669,588,97,0.315,0.411,0.251,1,2,4,162,0.305,0.39,0.5,0.599
CLE,AL,2012,667,845,68,0.324,0.381,0.251,0,,,162,0.336,0.43,-1.099,0.42
COL,NL,2012,758,890,64,0.33,0.436,0.274,0,,,162,0.357,0.47,-0.815,0.395
DET,AL,2012,726,670,88,0.335,0.422,0.268,1,6,2,162,0.314,0.402,0.346,0.543
HOU,NL,2012,583,794,55,0.302,0.371,0.236,0,,,162,0.337,0.427,-1.302,0.34
KCR,AL,2012,676,746,72,0.317,0.4,0.265,0,,,162,0.339,0.423,-0.432,0.444
LAA,AL,2012,767,699,89,0.332,0.433,0.274,0,,,162,0.31,0.403,0.42,0.549
LAD,NL,2012,637,597,86,0.317,0.374,0.252,0,,,162,0.31,0.364,0.247,0.531
MIA,NL,2012,609,724,69,0.308,0.382,0.244,0,,,162,0.327,0.399,-0.71,0.426
MIL,NL,2012,776,733,83,0.325,0.437,0.259,0,,,162,0.326,0.414,0.265,0.512
MIN,AL,2012,701,832,66,0.325,0.39,0.26,0,,,162,0.333,0.442,-0.809,0.407
NYM,NL,2012,650,709,74,0.316,0.386,0.249,0,,,162,0.315,0.401,-0.364,0.457
NYY,AL,2012,804,668,95,0.337,0.453,0.265,1,3,3,162,0.311,0.419,0.84,0.586
OAK,AL,2012,713,614,94,0.31,0.404,0.238,1,4,4,162,0.306,0.378,0.611,0.58
PHI,NL,2012,684,680,81,0.317,0.4,0.255,0,,,162,0.306,0.407,0.025,0.5
PIT,NL,2012,651,674,79,0.304,0.395,0.243,0,,,162,0.314,0.39,-0.142,0.488
SDP,NL,2012,651,710,76,0.319,0.38,0.247,0,,,162,0.319,0.398,-0.364,0.469
SEA,AL,2012,619,651,75,0.296,0.369,0.234,0,,,162,0.308,0.394,-0.198,0.463
SFG,NL,2012,718,649,94,0.327,0.397,0.269,1,4,1,162,0.313,0.393,0.426,0.58
STL,NL,2012,765,648,88,0.338,0.421,0.271,1,6,3,162,0.313,0.387,0.722,0.543
TBR,AL,2012,697,577,90,0.317,0.394,0.24,0,,,162,0.294,0.352,0.741,0.556
TEX,AL,2012,808,707,93,0.334,0.446,0.273,1,5,5,162,0.309,0.408,0.623,0.574
TOR,AL,2012,716,784,73,0.309,0.407,0.245,0,,,162,0.335,0.438,-0.42,0.451
WSN,NL,2012,731,594,98,0.322,0.428,0.261,1,1,4,162,0.303,0.373,0.846,0.605
ARI,NL,2011,731,662,94,0.322,0.413,0.25,1,5,4,162,0.316,0.409,0.426,0.58
ATL,NL,2011,641,605,89,0.308,0.387,0.243,0,,,162,0.31,0.361,0.222,0.549
BAL,AL,2011,708,860,69,0.316,0.413,0.257,0,,,162,0.341,0.46,-0.938,0.426
BOS,AL,2011,875,737,90,0.349,0.461,0.28,0,,,162,0.322,0.392,0.852,0.556
CHC,NL,2011,654,756,71,0.314,0.401,0.256,0,,,162,0.335,0.413,-0.63,0.438
CHW,AL,2011,654,706,79,0.319,0.388,0.252,0,,,162,0.317,0.397,-0.321,0.488
CIN,NL,2011,735,720,79,0.326,0.408,0.256,0,,,162,0.325,0.415,0.093,0.488
CLE,AL,2011,704,760,80,0.317,0.396,0.25,0,,,162,0.323,0.413,-0.346,0.494
COL,NL,2011,735,774,73,0.329,0.41,0.258,0,,,162,0.331,0.431,-0.241,0.451
DET,AL,2011,787,711,95,0.34,0.434,0.277,1,4,3,162,0.321,0.396,0.469,0.586
FLA,NL,2011,625,702,72,0.318,0.388,0.247,0,,,162,0.316,0.401,-0.475,0.444
HOU,NL,2011,615,796,56,0.311,0.374,0.258,0,,,162,0.337,0.432,-1.117,0.346
KCR,AL,2011,730,762,71,0.329,0.415,0.275,0,,,162,0.337,0.425,-0.198,0.438
LAA,AL,2011,667,633,86,0.313,0.402,0.253,0,,,162,0.313,0.388,0.21,0.531
LAD,NL,2011,644,612,82,0.322,0.375,0.257,0,,,161,0.31,0.371,0.199,0.509
MIL,NL,2011,721,638,96,0.325,0.425,0.261,1,3,3,162,0.304,0.385,0.512,0.593
MIN,AL,2011,619,804,63,0.306,0.36,0.247,0,,,162,0.34,0.435,-1.142,0.389
NYM,NL,2011,718,742,77,0.335,0.391,0.264,0,,,162,0.332,0.411,-0.148,0.475
NYY,AL,2011,867,657,97,0.343,0.444,0.263,1,2,4,162,0.322,0.399,1.296,0.599
OAK,AL,2011,645,679,74,0.311,0.369,0.244,0,,,162,0.317,0.378,-0.21,0.457
PHI,NL,2011,713,529,102,0.323,0.395,0.253,1,1,4,162,0.296,0.361,1.136,0.63
PIT,NL,2011,610,712,72,0.309,0.368,0.244,0,,,162,0.338,0.409,-0.63,0.444
SDP,NL,2011,593,611,71,0.305,0.349,0.237,0,,,162,0.314,0.375,-0.111,0.438
SEA,AL,2011,556,675,67,0.292,0.348,0.233,0,,,162,0.31,0.386,-0.735,0.414
SFG,NL,2011,570,578,86,0.303,0.368,0.242,0,,,162,0.309,0.346,-0.049,0.531
STL,NL,2011,762,692,90,0.341,0.425,0.273,1,7,1,162,0.319,0.398,0.432,0.556
TBR,AL,2011,707,614,91,0.322,0.402,0.244,1,6,4,162,0.303,0.383,0.574,0.562
TEX,AL,2011,855,677,96,0.34,0.46,0.283,1,3,2,162,0.307,0.392,1.099,0.593
TOR,AL,2011,743,761,81,0.317,0.413,0.249,0,,,162,0.328,0.419,-0.111,0.5
WSN,NL,2011,624,643,80,0.309,0.383,0.242,0,,,161,0.319,0.382,-0.118,0.497
ARI,NL,2010,713,836,65,0.325,0.416,0.25,0,,,162,0.34,0.448,-0.759,0.401
ATL,NL,2010,738,629,91,0.339,0.401,0.258,1,6,4,162,0.314,0.376,0.673,0.562
BAL,AL,2010,613,785,66,0.316,0.386,0.259,0,,,162,0.336,0.434,-1.062,0.407
BOS,AL,2010,818,744,89,0.339,0.451,0.268,0,,,162,0.327,0.399,0.457,0.549
CHC,NL,2010,685,767,75,0.32,0.401,0.257,0,,,162,0.334,0.398,-0.506,0.463
CHW,AL,2010,752,704,88,0.332,0.42,0.268,0,,,162,0.325,0.395,0.296,0.543
CIN,NL,2010,790,685,91,0.338,0.436,0.272,1,6,4,162,0.323,0.396,0.648,0.562
CLE,AL,2010,646,752,69,0.322,0.378,0.248,0,,,162,0.342,0.416,-0.654,0.426
COL,NL,2010,770,717,83,0.336,0.425,0.263,0,,,162,0.326,0.397,0.327,0.512
DET,AL,2010,751,743,81,0.335,0.415,0.268,0,,,162,0.332,0.4,0.049,0.5
FLA,NL,2010,719,717,80,0.321,0.403,0.254,0,,,162,0.331,0.398,0.012,0.494
HOU,NL,2010,611,729,76,0.303,0.362,0.247,0,,,162,0.33,0.402,-0.728,0.469
KCR,AL,2010,676,845,67,0.331,0.399,0.274,0,,,162,0.342,0.435,-1.043,0.414
LAA,AL,2010,681,702,80,0.311,0.39,0.248,0,,,162,0.327,0.403,-0.13,0.494
LAD,NL,2010,667,692,80,0.322,0.379,0.252,0,,,162,0.316,0.378,-0.154,0.494
MIL,NL,2010,750,804,77,0.335,0.424,0.262,0,,,162,0.338,0.427,-0.333,0.475
MIN,AL,2010,781,671,94,0.341,0.422,0.273,1,4,4,162,0.317,0.417,0.679,0.58
NYM,NL,2010,656,652,79,0.314,0.383,0.249,0,,,162,0.33,0.394,0.025,0.488
NYY,AL,2010,859,693,95,0.35,0.436,0.267,1,3,3,162,0.322,0.399,1.025,0.586
OAK,AL,2010,663,626,81,0.324,0.378,0.256,0,,,162,0.313,0.379,0.228,0.5
PHI,NL,2010,772,640,97,0.332,0.413,0.26,1,1,3,162,0.311,0.405,0.815,0.599
PIT,NL,2010,587,866,57,0.304,0.373,0.242,0,,,162,0.348,0.449,-1.722,0.352
SDP,NL,2010,665,581,90,0.317,0.371,0.246,0,,,162,0.308,0.368,0.519,0.556
SEA,AL,2010,513,698,61,0.298,0.339,0.236,0,,,162,0.313,0.401,-1.142,0.377
SFG,NL,2010,697,583,92,0.321,0.408,0.257,1,5,1,162,0.313,0.37,0.704,0.568
STL,NL,2010,736,641,86,0.332,0.402,0.263,0,,,162,0.319,0.387,0.586,0.531
TBR,AL,2010,802,649,96,0.333,0.403,0.247,1,2,4,162,0.308,0.404,0.944,0.593
TEX,AL,2010,787,687,90,0.338,0.419,0.276,1,7,2,162,0.319,0.39,0.617,0.556
TOR,AL,2010,755,728,85,0.312,0.454,0.248,0,,,162,0.326,0.405,0.167,0.525
WSN,NL,2010,655,742,69,0.318,0.39,0.25,0,,,162,0.33,0.41,-0.537,0.426
ARI,NL,2009,720,782,70,0.324,0.418,0.253,0,,,162,0.33,0.419,-0.383,0.432
ATL,NL,2009,735,641,86,0.339,0.405,0.263,0,,,162,0.323,0.39,0.58,0.531
BAL,AL,2009,741,876,64,0.332,0.415,0.268,0,,,162,0.353,0.476,-0.833,0.395
BOS,AL,2009,872,736,95,0.352,0.454,0.27,1,3,4,162,0.335,0.422,0.84,0.586
CHC,NL,2009,707,672,83,0.332,0.407,0.255,0,,,161,0.324,0.391,0.217,0.516
CHW,AL,2009,724,732,79,0.329,0.411,0.258,0,,,162,0.325,0.414,-0.049,0.488
CIN,NL,2009,673,723,78,0.318,0.394,0.247,0,,,162,0.333,0.418,-0.309,0.481
CLE,AL,2009,773,865,65,0.339,0.417,0.264,0,,,162,0.351,0.443,-0.568,0.401
COL,NL,2009,804,715,92,0.343,0.441,0.261,1,5,4,162,0.328,0.405,0.549,0.568
DET,AL,2009,743,745,86,0.331,0.416,0.26,0,,,163,0.336,0.422,-0.012,0.528
FLA,NL,2009,772,766,87,0.34,0.416,0.268,0,,,162,0.333,0.408,0.037,0.537
HOU,NL,2009,643,770,74,0.319,0.4,0.26,0,,,162,0.344,0.44,-0.784,0.457
KCR,AL,2009,686,842,65,0.318,0.405,0.259,0,,,162,0.343,0.422,-0.963,0.401
LAA,AL,2009,883,761,97,0.35,0.441,0.285,1,2,3,162,0.338,0.432,0.753,0.599
LAD,NL,2009,780,611,95,0.346,0.412,0.27,1,3,3,162,0.312,0.361,1.043,0.586
MIL,NL,2009,785,818,80,0.341,0.426,0.263,0,,,162,0.345,0.45,-0.204,0.494
MIN,AL,2009,817,765,87,0.345,0.429,0.274,1,7,4,163,0.331,0.431,0.319,0.534
NYM,NL,2009,671,757,70,0.335,0.394,0.27,0,,,162,0.342,0.418,-0.531,0.432
NYY,AL,2009,915,753,103,0.362,0.478,0.283,1,1,1,162,0.327,0.408,1,0.636
OAK,AL,2009,759,761,75,0.328,0.397,0.262,0,,,162,0.329,0.413,-0.012,0.463
PHI,NL,2009,820,709,93,0.334,0.447,0.258,1,4,2,162,0.329,0.427,0.685,0.574
PIT,NL,2009,636,768,62,0.318,0.387,0.252,0,,,161,0.346,0.442,-0.82,0.385
SDP,NL,2009,638,769,75,0.321,0.381,0.242,0,,,162,0.333,0.406,-0.809,0.463
SEA,AL,2009,640,692,85,0.314,0.402,0.258,0,,,162,0.316,0.394,-0.321,0.525
SFG,NL,2009,657,611,88,0.309,0.389,0.257,0,,,162,0.314,0.372,0.284,0.543
STL,NL,2009,730,640,91,0.332,0.415,0.263,1,6,4,162,0.319,0.386,0.556,0.562
TBR,AL,2009,803,754,84,0.343,0.439,0.263,0,,,162,0.324,0.417,0.302,0.519
TEX,AL,2009,784,740,87,0.32,0.445,0.26,0,,,162,0.331,0.416,0.272,0.537
TOR,AL,2009,798,771,75,0.333,0.44,0.266,0,,,162,0.339,0.434,0.167,0.463
WSN,NL,2009,710,874,59,0.337,0.406,0.258,0,,,162,0.352,0.45,-1.012,0.364
ARI,NL,2008,720,706,82,0.327,0.415,0.251,0,,,162,0.318,0.398,0.086,0.506
ATL,NL,2008,753,778,72,0.345,0.408,0.27,0,,,162,0.336,0.423,-0.154,0.444
BAL,AL,2008,782,869,68,0.333,0.429,0.267,0,,,161,0.361,0.435,-0.54,0.422
BOS,AL,2008,845,694,95,0.358,0.447,0.28,1,3,3,162,0.323,0.39,0.932,0.586
CHC,NL,2008,855,671,97,0.354,0.443,0.278,1,2,4,161,0.316,0.395,1.143,0.602
CHW,AL,2008,811,729,89,0.332,0.448,0.263,1,6,4,163,0.32,0.41,0.503,0.546
CIN,NL,2008,704,800,74,0.321,0.408,0.247,0,,,162,0.345,0.45,-0.593,0.457
CLE,AL,2008,805,761,81,0.339,0.424,0.262,0,,,162,0.33,0.424,0.272,0.5
COL,NL,2008,747,822,74,0.336,0.415,0.263,0,,,162,0.344,0.431,-0.463,0.457
DET,AL,2008,821,857,74,0.34,0.444,0.271,0,,,162,0.353,0.437,-0.222,0.457
FLA,NL,2008,770,767,84,0.326,0.433,0.254,0,,,161,0.333,0.407,0.019,0.522
HOU,NL,2008,712,743,86,0.323,0.415,0.263,0,,,161,0.328,0.44,-0.193,0.534
KCR,AL,2008,691,781,75,0.32,0.397,0.269,0,,,162,0.328,0.415,-0.556,0.463
LAA,AL,2008,765,697,100,0.33,0.413,0.268,1,1,4,162,0.323,0.406,0.42,0.617
LAD,NL,2008,700,648,84,0.333,0.399,0.264,1,7,3,162,0.315,0.376,0.321,0.519
MIL,NL,2008,750,689,90,0.325,0.431,0.253,1,5,4,162,0.323,0.406,0.377,0.556
MIN,AL,2008,829,745,88,0.34,0.408,0.279,0,,,163,0.324,0.431,0.515,0.54
NYM,NL,2008,799,715,89,0.34,0.42,0.266,0,,,162,0.331,0.397,0.519,0.549
NYY,AL,2008,789,727,89,0.342,0.427,0.271,0,,,162,0.329,0.405,0.383,0.549
OAK,AL,2008,646,690,75,0.318,0.369,0.242,0,,,161,0.328,0.392,-0.273,0.466
PHI,NL,2008,799,680,92,0.332,0.438,0.255,1,4,1,162,0.329,0.41,0.735,0.568
PIT,NL,2008,735,884,67,0.32,0.403,0.258,0,,,162,0.362,0.454,-0.92,0.414
SDP,NL,2008,637,764,63,0.317,0.39,0.25,0,,,162,0.332,0.409,-0.784,0.389
SEA,AL,2008,671,811,61,0.318,0.389,0.265,0,,,162,0.351,0.433,-0.864,0.377
SFG,NL,2008,640,759,72,0.321,0.382,0.262,0,,,162,0.341,0.404,-0.735,0.444
STL,NL,2008,779,725,86,0.35,0.433,0.281,0,,,162,0.332,0.431,0.333,0.531
TBR,AL,2008,774,671,97,0.34,0.422,0.26,1,2,2,162,0.314,0.4,0.636,0.599
TEX,AL,2008,901,967,79,0.354,0.462,0.283,0,,,162,0.362,0.455,-0.407,0.488
TOR,AL,2008,714,610,86,0.331,0.399,0.264,0,,,162,0.309,0.38,0.642,0.531
WSN,NL,2008,641,825,59,0.323,0.373,0.251,0,,,161,0.343,0.436,-1.143,0.366
ARI,NL,2007,712,732,90,0.321,0.413,0.25,1,3,3,162,0.334,0.42,-0.123,0.556
ATL,NL,2007,810,733,84,0.339,0.435,0.275,0,,,162,0.327,0.415,0.475,0.519
BAL,AL,2007,756,868,69,0.333,0.412,0.272,0,,,162,0.354,0.412,-0.691,0.426
BOS,AL,2007,867,657,96,0.362,0.444,0.279,1,1,1,162,0.314,0.392,1.296,0.593
CHC,NL,2007,752,690,85,0.333,0.422,0.271,1,5,4,162,0.322,0.399,0.383,0.525
CHW,AL,2007,693,839,72,0.318,0.404,0.246,0,,,162,0.338,0.435,-0.901,0.444
CIN,NL,2007,783,853,72,0.335,0.436,0.267,0,,,162,0.343,0.456,-0.432,0.444
CLE,AL,2007,811,704,96,0.343,0.428,0.268,1,1,3,162,0.322,0.407,0.66,0.593
COL,NL,2007,860,758,90,0.354,0.437,0.28,1,3,2,163,0.33,0.423,0.626,0.552
DET,AL,2007,887,797,88,0.345,0.458,0.287,0,,,162,0.338,0.427,0.556,0.543
FLA,NL,2007,790,891,71,0.336,0.448,0.267,0,,,162,0.364,0.442,-0.623,0.438
HOU,NL,2007,723,813,73,0.33,0.412,0.26,0,,,162,0.337,0.454,-0.556,0.451
KCR,AL,2007,706,778,69,0.322,0.388,0.261,0,,,162,0.339,0.445,-0.444,0.426
LAA,AL,2007,822,731,94,0.345,0.417,0.284,1,2,4,162,0.328,0.412,0.562,0.58
LAD,NL,2007,735,727,82,0.337,0.406,0.275,0,,,162,0.326,0.399,0.049,0.506
MIL,NL,2007,801,776,83,0.329,0.456,0.262,0,,,162,0.333,0.422,0.154,0.512
MIN,AL,2007,718,725,79,0.33,0.391,0.264,0,,,162,0.324,0.431,-0.043,0.488
NYM,NL,2007,804,750,88,0.342,0.432,0.275,0,,,162,0.329,0.409,0.333,0.543
NYY,AL,2007,968,777,94,0.366,0.463,0.29,1,2,4,162,0.34,0.417,1.179,0.58
OAK,AL,2007,741,758,76,0.338,0.407,0.256,0,,,162,0.329,0.404,-0.105,0.469
PHI,NL,2007,892,821,89,0.354,0.458,0.274,1,4,4,162,0.346,0.451,0.438,0.549
PIT,NL,2007,724,846,68,0.325,0.411,0.263,0,,,162,0.352,0.447,-0.753,0.42
SDP,NL,2007,741,666,89,0.322,0.411,0.251,0,,,163,0.311,0.374,0.46,0.546
SEA,AL,2007,794,813,88,0.337,0.425,0.287,0,,,162,0.349,0.431,-0.117,0.543
SFG,NL,2007,683,720,71,0.322,0.387,0.254,0,,,162,0.334,0.405,-0.228,0.438
STL,NL,2007,725,829,78,0.337,0.405,0.274,0,,,162,0.336,0.431,-0.642,0.481
TBD,AL,2007,782,944,66,0.336,0.433,0.268,0,,,162,0.358,0.467,-1,0.407
TEX,AL,2007,816,844,75,0.328,0.426,0.263,0,,,162,0.356,0.423,-0.173,0.463
TOR,AL,2007,753,699,83,0.327,0.419,0.259,0,,,162,0.315,0.391,0.333,0.512
WSN,NL,2007,673,783,73,0.325,0.39,0.256,0,,,162,0.339,0.433,-0.679,0.451
ARI,NL,2006,773,788,76,0.331,0.424,0.267,0,,,162,0.335,0.431,-0.093,0.469
ATL,NL,2006,849,805,79,0.337,0.455,0.27,0,,,162,0.343,0.438,0.272,0.488
BAL,AL,2006,768,899,70,0.339,0.424,0.277,0,,,162,0.357,0.462,-0.809,0.432
BOS,AL,2006,820,825,86,0.351,0.435,0.269,0,,,162,0.343,0.447,-0.031,0.531
CHC,NL,2006,716,834,66,0.319,0.422,0.268,0,,,162,0.342,0.431,-0.728,0.407
CHW,AL,2006,868,794,90,0.342,0.464,0.28,0,,,162,0.326,0.44,0.457,0.556
CIN,NL,2006,749,801,80,0.336,0.432,0.257,0,,,162,0.337,0.457,-0.321,0.494
CLE,AL,2006,870,782,78,0.349,0.457,0.28,0,,,162,0.335,0.431,0.543,0.481
COL,NL,2006,813,812,76,0.341,0.433,0.27,0,,,162,0.346,0.438,0.006,0.469
DET,AL,2006,822,675,95,0.329,0.449,0.274,1,3,2,162,0.321,0.405,0.907,0.586
FLA,NL,2006,758,772,78,0.331,0.435,0.264,0,,,162,0.347,0.423,-0.086,0.481
HOU,NL,2006,735,719,82,0.332,0.409,0.255,0,,,162,0.319,0.421,0.099,0.506
KCR,AL,2006,757,971,62,0.332,0.411,0.271,0,,,162,0.367,0.476,-1.321,0.383
LAA,AL,2006,766,732,89,0.334,0.425,0.274,0,,,162,0.316,0.402,0.21,0.549
LAD,NL,2006,820,751,88,0.348,0.432,0.276,1,5,4,162,0.33,0.418,0.426,0.543
MIL,NL,2006,730,833,75,0.327,0.42,0.258,0,,,162,0.333,0.438,-0.636,0.463
MIN,AL,2006,801,683,96,0.347,0.425,0.287,1,2,4,162,0.312,0.423,0.728,0.593
NYM,NL,2006,834,731,97,0.334,0.445,0.264,1,1,3,162,0.323,0.407,0.636,0.599
NYY,AL,2006,930,767,97,0.363,0.461,0.285,1,1,4,162,0.326,0.413,1.006,0.599
OAK,AL,2006,771,727,93,0.34,0.412,0.26,1,4,3,162,0.338,0.422,0.272,0.574
PHI,NL,2006,865,812,85,0.347,0.447,0.267,0,,,162,0.339,0.46,0.327,0.525
PIT,NL,2006,691,797,67,0.327,0.397,0.263,0,,,162,0.357,0.431,-0.654,0.414
SDP,NL,2006,731,679,88,0.332,0.416,0.263,1,5,4,162,0.312,0.404,0.321,0.543
SEA,AL,2006,756,792,78,0.325,0.424,0.272,0,,,162,0.337,0.432,-0.222,0.481
SFG,NL,2006,746,790,76,0.324,0.422,0.259,0,,,161,0.337,0.415,-0.273,0.472
STL,NL,2006,781,762,83,0.337,0.431,0.269,1,6,1,161,0.337,0.443,0.118,0.516
TBD,AL,2006,689,856,61,0.314,0.42,0.255,0,,,162,0.358,0.452,-1.031,0.377
TEX,AL,2006,835,784,80,0.338,0.446,0.278,0,,,162,0.341,0.424,0.315,0.494
TOR,AL,2006,809,754,87,0.348,0.463,0.284,0,,,162,0.328,0.422,0.34,0.537
WSN,NL,2006,746,872,71,0.338,0.418,0.262,0,,,162,0.349,0.447,-0.778,0.438
ARI,NL,2005,696,856,77,0.332,0.421,0.256,0,,,162,0.345,0.455,-0.988,0.475
ATL,NL,2005,769,674,90,0.333,0.435,0.265,1,4,4,162,0.333,0.406,0.586,0.556
BAL,AL,2005,729,800,74,0.327,0.434,0.269,0,,,162,0.336,0.416,-0.438,0.457
BOS,AL,2005,910,805,95,0.357,0.454,0.281,1,3,4,162,0.335,0.441,0.648,0.586
CHC,NL,2005,703,714,79,0.324,0.44,0.27,0,,,162,0.325,0.407,-0.068,0.488
CHW,AL,2005,741,645,99,0.322,0.425,0.262,1,2,1,162,0.31,0.397,0.593,0.611
CIN,NL,2005,820,889,73,0.339,0.446,0.261,0,,,163,0.352,0.483,-0.423,0.448
CLE,AL,2005,790,642,93,0.334,0.453,0.271,0,,,162,0.302,0.387,0.914,0.574
COL,NL,2005,740,862,67,0.333,0.411,0.267,0,,,162,0.362,0.457,-0.753,0.414
DET,AL,2005,723,787,71,0.321,0.428,0.272,0,,,162,0.33,0.436,-0.395,0.438
FLA,NL,2005,717,732,83,0.339,0.409,0.272,0,,,162,0.339,0.402,-0.093,0.512
HOU,NL,2005,693,609,89,0.322,0.408,0.256,1,5,2,163,0.308,0.389,0.515,0.546
KCR,AL,2005,701,935,56,0.32,0.396,0.263,0,,,162,0.362,0.463,-1.444,0.346
LAA,AL,2005,761,643,95,0.325,0.409,0.27,1,3,3,162,0.312,0.401,0.728,0.586
LAD,NL,2005,685,755,71,0.326,0.395,0.253,0,,,162,0.327,0.429,-0.432,0.438
MIL,NL,2005,726,697,81,0.331,0.423,0.259,0,,,162,0.324,0.408,0.179,0.5
MIN,AL,2005,688,662,83,0.323,0.391,0.259,0,,,162,0.307,0.408,0.16,0.512
NYM,NL,2005,722,648,83,0.322,0.416,0.258,0,,,162,0.321,0.387,0.457,0.512
NYY,AL,2005,886,789,95,0.355,0.45,0.276,1,3,4,162,0.332,0.422,0.599,0.586
OAK,AL,2005,772,658,88,0.33,0.407,0.262,0,,,162,0.311,0.382,0.704,0.543
PHI,NL,2005,807,726,88,0.348,0.423,0.27,0,,,162,0.32,0.426,0.5,0.543
PIT,NL,2005,680,769,67,0.322,0.4,0.259,0,,,162,0.344,0.424,-0.549,0.414
SDP,NL,2005,684,726,82,0.333,0.391,0.257,1,6,4,162,0.322,0.408,-0.259,0.506
SEA,AL,2005,699,751,69,0.317,0.391,0.256,0,,,162,0.332,0.422,-0.321,0.426
SFG,NL,2005,649,745,75,0.319,0.396,0.261,0,,,162,0.336,0.412,-0.593,0.463
STL,NL,2005,805,634,100,0.339,0.423,0.27,1,1,3,162,0.318,0.398,1.056,0.617
TBD,AL,2005,750,936,67,0.329,0.425,0.274,0,,,162,0.355,0.455,-1.148,0.414
TEX,AL,2005,865,858,79,0.329,0.468,0.267,0,,,162,0.343,0.428,0.043,0.488
TOR,AL,2005,775,705,80,0.331,0.407,0.265,0,,,162,0.324,0.418,0.432,0.494
WSN,NL,2005,639,673,81,0.322,0.386,0.252,0,,,162,0.333,0.396,-0.21,0.5
ANA,AL,2004,836,734,92,0.341,0.429,0.282,1,6,4,162,0.326,0.415,0.63,0.568
ARI,NL,2004,615,899,51,0.31,0.393,0.253,0,,,162,0.35,0.439,-1.753,0.315
ATL,NL,2004,803,668,96,0.343,0.434,0.27,1,4,4,162,0.329,0.4,0.833,0.593
BAL,AL,2004,842,830,78,0.345,0.432,0.281,0,,,162,0.348,0.404,0.074,0.481
BOS,AL,2004,949,768,98,0.36,0.472,0.282,1,3,1,162,0.318,0.408,1.117,0.605
CHC,NL,2004,789,665,89,0.328,0.458,0.268,0,,,162,0.321,0.395,0.765,0.549
CHW,AL,2004,865,831,83,0.333,0.457,0.268,0,,,162,0.338,0.453,0.21,0.512
CIN,NL,2004,750,907,76,0.331,0.418,0.25,0,,,162,0.348,0.481,-0.969,0.469
CLE,AL,2004,858,857,80,0.351,0.444,0.276,0,,,162,0.342,0.445,0.006,0.494
COL,NL,2004,833,923,68,0.345,0.455,0.275,0,,,162,0.372,0.471,-0.556,0.42
DET,AL,2004,827,844,72,0.337,0.449,0.272,0,,,162,0.34,0.441,-0.105,0.444
FLA,NL,2004,718,700,83,0.329,0.406,0.264,0,,,162,0.324,0.412,0.111,0.512
HOU,NL,2004,803,698,92,0.342,0.436,0.267,1,6,3,162,0.328,0.417,0.648,0.568
KCR,AL,2004,720,905,58,0.322,0.397,0.259,0,,,162,0.352,0.476,-1.142,0.358
LAD,NL,2004,761,684,93,0.332,0.423,0.262,1,5,4,162,0.323,0.408,0.475,0.574
MIL,NL,2004,634,757,67,0.321,0.387,0.248,0,,,161,0.32,0.417,-0.764,0.416
MIN,AL,2004,780,715,92,0.332,0.431,0.266,1,6,4,162,0.323,0.406,0.401,0.568
MON,NL,2004,635,769,67,0.313,0.392,0.249,0,,,162,0.342,0.431,-0.827,0.414
NYM,NL,2004,684,731,71,0.317,0.409,0.249,0,,,162,0.335,0.405,-0.29,0.438
NYY,AL,2004,897,808,101,0.353,0.458,0.268,1,2,3,162,0.328,0.432,0.549,0.623
OAK,AL,2004,793,742,91,0.343,0.433,0.27,0,,,162,0.332,0.409,0.315,0.562
PHI,NL,2004,840,781,86,0.345,0.443,0.267,0,,,162,0.33,0.448,0.364,0.531
PIT,NL,2004,680,744,72,0.321,0.401,0.26,0,,,161,0.342,0.416,-0.398,0.447
SDP,NL,2004,768,705,87,0.342,0.414,0.273,0,,,162,0.318,0.431,0.389,0.537
SEA,AL,2004,698,823,63,0.331,0.396,0.27,0,,,162,0.338,0.441,-0.772,0.389
SFG,NL,2004,850,770,91,0.357,0.438,0.27,0,,,162,0.332,0.423,0.494,0.562
STL,NL,2004,855,659,105,0.344,0.46,0.278,1,1,2,162,0.313,0.403,1.21,0.648
TBD,AL,2004,714,842,70,0.32,0.405,0.258,0,,,161,0.342,0.438,-0.795,0.435
TEX,AL,2004,860,794,89,0.329,0.457,0.266,0,,,162,0.344,0.432,0.407,0.549
TOR,AL,2004,719,823,67,0.328,0.403,0.26,0,,,161,0.348,0.434,-0.646,0.416
ANA,AL,2003,736,743,77,0.33,0.413,0.268,0,,,162,0.327,0.421,-0.043,0.475
ARI,NL,2003,717,685,84,0.33,0.417,0.263,0,,,162,0.322,0.388,0.198,0.519
ATL,NL,2003,907,740,101,0.349,0.475,0.284,1,1,4,162,0.327,0.401,1.031,0.623
BAL,AL,2003,743,820,71,0.323,0.405,0.268,0,,,163,0.346,0.446,-0.472,0.436
BOS,AL,2003,961,809,95,0.36,0.491,0.289,1,4,3,162,0.327,0.415,0.938,0.586
CHC,NL,2003,724,683,88,0.323,0.416,0.259,1,7,3,162,0.324,0.372,0.253,0.543
CHW,AL,2003,791,715,86,0.331,0.446,0.263,0,,,162,0.322,0.404,0.469,0.531
CIN,NL,2003,694,886,69,0.318,0.395,0.245,0,,,162,0.349,0.463,-1.185,0.426
CLE,AL,2003,699,778,68,0.316,0.401,0.254,0,,,162,0.329,0.426,-0.488,0.42
COL,NL,2003,853,892,74,0.344,0.445,0.267,0,,,162,0.359,0.47,-0.241,0.457
DET,AL,2003,591,928,43,0.3,0.375,0.24,0,,,162,0.352,0.461,-2.08,0.265
FLA,NL,2003,751,692,91,0.333,0.421,0.266,1,5,1,162,0.325,0.396,0.364,0.562
HOU,NL,2003,805,677,87,0.336,0.431,0.263,0,,,162,0.326,0.397,0.79,0.537
KCR,AL,2003,836,867,83,0.336,0.427,0.274,0,,,162,0.348,0.45,-0.191,0.512
LAD,NL,2003,574,556,85,0.303,0.368,0.243,0,,,162,0.306,0.354,0.111,0.525
MIL,NL,2003,714,873,68,0.329,0.419,0.256,0,,,162,0.348,0.462,-0.981,0.42
MIN,AL,2003,801,758,90,0.341,0.431,0.277,1,6,4,162,0.319,0.428,0.265,0.556
MON,NL,2003,711,716,83,0.326,0.401,0.258,0,,,162,0.327,0.423,-0.031,0.512
NYM,NL,2003,642,754,66,0.314,0.374,0.247,0,,,161,0.345,0.438,-0.696,0.41
NYY,AL,2003,877,716,101,0.356,0.453,0.271,1,1,2,163,0.314,0.407,0.988,0.62
OAK,AL,2003,768,643,96,0.327,0.417,0.254,1,3,4,162,0.314,0.376,0.772,0.593
PHI,NL,2003,791,697,86,0.343,0.419,0.261,0,,,162,0.327,0.401,0.58,0.531
PIT,NL,2003,753,801,75,0.338,0.42,0.267,0,,,162,0.336,0.431,-0.296,0.463
SDP,NL,2003,678,831,64,0.333,0.388,0.261,0,,,162,0.341,0.437,-0.944,0.395
SEA,AL,2003,795,637,93,0.344,0.41,0.271,0,,,162,0.311,0.388,0.975,0.574
SFG,NL,2003,755,638,100,0.338,0.425,0.264,1,2,4,161,0.321,0.386,0.727,0.621
STL,NL,2003,876,796,85,0.35,0.454,0.279,0,,,162,0.336,0.452,0.494,0.525
TBD,AL,2003,715,852,63,0.32,0.404,0.265,0,,,162,0.347,0.44,-0.846,0.389
TEX,AL,2003,826,969,71,0.33,0.454,0.266,0,,,162,0.36,0.473,-0.883,0.438
TOR,AL,2003,894,826,86,0.349,0.455,0.279,0,,,162,0.337,0.441,0.42,0.531
ANA,AL,2002,851,644,99,0.341,0.433,0.282,1,3,1,162,0.314,0.392,1.278,0.611
ARI,NL,2002,819,674,98,0.346,0.423,0.267,1,4,4,162,0.305,0.397,0.895,0.605
ATL,NL,2002,708,565,101,0.331,0.409,0.26,1,2,4,161,0.313,0.364,0.888,0.627
BAL,AL,2002,667,773,67,0.309,0.403,0.246,0,,,162,0.336,0.435,-0.654,0.414
BOS,AL,2002,859,665,93,0.345,0.444,0.277,0,,,162,0.308,0.385,1.198,0.574
CHC,NL,2002,706,759,67,0.321,0.413,0.246,0,,,162,0.331,0.407,-0.327,0.414
CHW,AL,2002,856,798,81,0.338,0.449,0.268,0,,,162,0.33,0.423,0.358,0.5
CIN,NL,2002,709,774,78,0.33,0.408,0.253,0,,,162,0.338,0.426,-0.401,0.481
CLE,AL,2002,739,837,74,0.321,0.412,0.249,0,,,162,0.348,0.423,-0.605,0.457
COL,NL,2002,778,898,73,0.337,0.423,0.274,0,,,162,0.349,0.466,-0.741,0.451
DET,AL,2002,575,864,55,0.3,0.379,0.248,0,,,161,0.343,0.455,-1.795,0.342
FLA,NL,2002,699,763,79,0.337,0.403,0.261,0,,,162,0.341,0.415,-0.395,0.488
HOU,NL,2002,749,695,84,0.338,0.417,0.262,0,,,162,0.33,0.41,0.333,0.519
KCR,AL,2002,737,891,62,0.323,0.398,0.256,0,,,162,0.349,0.464,-0.951,0.383
LAD,NL,2002,713,643,92,0.32,0.409,0.264,0,,,162,0.315,0.387,0.432,0.568
MIL,NL,2002,627,821,56,0.32,0.39,0.253,0,,,162,0.352,0.442,-1.198,0.346
MIN,AL,2002,768,712,94,0.332,0.437,0.272,1,7,3,161,0.318,0.421,0.348,0.584
MON,NL,2002,735,718,83,0.334,0.418,0.261,0,,,162,0.329,0.421,0.105,0.512
NYM,NL,2002,690,703,75,0.322,0.395,0.256,0,,,161,0.327,0.403,-0.081,0.466
NYY,AL,2002,897,697,103,0.354,0.455,0.275,1,1,4,161,0.309,0.395,1.242,0.64
OAK,AL,2002,800,654,103,0.339,0.432,0.261,1,1,4,162,0.315,0.384,0.901,0.636
PHI,NL,2002,710,724,80,0.339,0.422,0.259,0,,,161,0.328,0.401,-0.087,0.497
PIT,NL,2002,641,730,72,0.319,0.381,0.244,0,,,161,0.342,0.423,-0.553,0.447
SDP,NL,2002,662,815,66,0.321,0.381,0.253,0,,,162,0.346,0.442,-0.944,0.407
SEA,AL,2002,814,699,93,0.35,0.419,0.275,0,,,162,0.315,0.41,0.71,0.574
SFG,NL,2002,783,616,95,0.344,0.442,0.267,1,6,2,162,0.319,0.372,1.031,0.586
STL,NL,2002,787,648,97,0.338,0.425,0.268,1,5,3,162,0.323,0.386,0.858,0.599
TBD,AL,2002,673,918,55,0.314,0.39,0.253,0,,,161,0.357,0.463,-1.522,0.342
TEX,AL,2002,843,882,72,0.338,0.455,0.269,0,,,162,0.355,0.451,-0.241,0.444
TOR,AL,2002,813,828,78,0.327,0.43,0.261,0,,,162,0.344,0.431,-0.093,0.481
ANA,AL,2001,691,730,75,0.327,0.405,0.261,0,,,162,0.331,0.412,-0.241,0.463
ARI,NL,2001,818,677,92,0.341,0.442,0.267,1,5,1,162,0.311,0.404,0.87,0.568
ATL,NL,2001,729,643,88,0.324,0.412,0.26,1,7,3,162,0.314,0.384,0.531,0.543
BAL,AL,2001,687,829,63,0.319,0.38,0.248,0,,,162,0.337,0.439,-0.877,0.389
BOS,AL,2001,772,745,82,0.334,0.439,0.266,0,,,161,0.329,0.393,0.168,0.509
CHC,NL,2001,777,701,88,0.336,0.43,0.261,0,,,162,0.321,0.398,0.469,0.543
CHW,AL,2001,798,795,83,0.334,0.451,0.268,0,,,162,0.334,0.427,0.019,0.512
CIN,NL,2001,735,850,66,0.324,0.419,0.262,0,,,162,0.341,0.455,-0.71,0.407
CLE,AL,2001,897,821,91,0.35,0.458,0.278,1,6,4,162,0.341,0.417,0.469,0.562
COL,NL,2001,923,906,73,0.354,0.483,0.292,0,,,162,0.35,0.48,0.105,0.451
DET,AL,2001,724,876,66,0.32,0.409,0.26,0,,,162,0.357,0.461,-0.938,0.407
FLA,NL,2001,742,744,76,0.326,0.423,0.264,0,,,162,0.338,0.411,-0.012,0.469
HOU,NL,2001,847,769,93,0.347,0.451,0.271,1,4,4,162,0.325,0.437,0.481,0.574
KCR,AL,2001,729,858,65,0.318,0.409,0.266,0,,,162,0.348,0.45,-0.796,0.401
LAD,NL,2001,758,744,86,0.323,0.425,0.255,0,,,162,0.323,0.411,0.086,0.531
MIL,NL,2001,740,806,68,0.319,0.426,0.251,0,,,162,0.35,0.44,-0.407,0.42
MIN,AL,2001,771,766,85,0.337,0.433,0.272,0,,,162,0.325,0.437,0.031,0.525
MON,NL,2001,670,812,68,0.319,0.396,0.253,0,,,162,0.339,0.441,-0.877,0.42
NYM,NL,2001,642,713,82,0.323,0.387,0.249,0,,,162,0.314,0.419,-0.438,0.506
NYY,AL,2001,804,713,95,0.334,0.435,0.267,1,3,2,161,0.318,0.398,0.565,0.59
OAK,AL,2001,884,645,102,0.345,0.439,0.264,1,2,4,162,0.308,0.38,1.475,0.63
PHI,NL,2001,746,719,86,0.329,0.414,0.26,0,,,162,0.329,0.424,0.167,0.531
PIT,NL,2001,657,858,62,0.313,0.393,0.247,0,,,162,0.344,0.433,-1.241,0.383
SDP,NL,2001,789,812,79,0.336,0.399,0.252,0,,,162,0.33,0.45,-0.142,0.488
SEA,AL,2001,927,627,116,0.36,0.445,0.288,1,1,3,162,0.301,0.378,1.852,0.716
SFG,NL,2001,799,748,90,0.342,0.46,0.266,0,,,162,0.329,0.404,0.315,0.556
STL,NL,2001,814,684,93,0.339,0.441,0.27,1,4,4,162,0.328,0.428,0.802,0.574
TBD,AL,2001,672,887,62,0.32,0.388,0.258,0,,,162,0.345,0.452,-1.327,0.383
TEX,AL,2001,890,968,73,0.344,0.471,0.275,0,,,162,0.362,0.494,-0.481,0.451
TOR,AL,2001,767,753,80,0.325,0.43,0.263,0,,,162,0.339,0.435,0.086,0.494
ANA,AL,2000,864,869,82,0.352,0.472,0.28,0,,,162,0.351,0.453,-0.031,0.506
ARI,NL,2000,792,754,85,0.333,0.429,0.265,0,,,162,0.326,0.424,0.235,0.525
ATL,NL,2000,810,714,95,0.346,0.429,0.271,1,2,4,162,0.319,0.402,0.593,0.586
BAL,AL,2000,794,913,74,0.341,0.435,0.272,0,,,162,0.352,0.449,-0.735,0.457
BOS,AL,2000,792,745,85,0.341,0.423,0.267,0,,,162,0.322,0.411,0.29,0.525
CHC,NL,2000,764,904,65,0.335,0.411,0.256,0,,,162,0.348,0.452,-0.864,0.401
CHW,AL,2000,978,839,95,0.356,0.47,0.286,1,2,4,162,0.346,0.434,0.858,0.586
CIN,NL,2000,825,765,85,0.343,0.447,0.274,0,,,163,0.341,0.438,0.368,0.521
CLE,AL,2000,950,816,90,0.367,0.47,0.288,0,,,162,0.35,0.425,0.827,0.556
COL,NL,2000,968,897,82,0.362,0.455,0.294,0,,,162,0.354,0.471,0.438,0.506
DET,AL,2000,823,827,79,0.343,0.438,0.275,0,,,162,0.34,0.443,-0.025,0.488
FLA,NL,2000,731,797,79,0.331,0.409,0.262,0,,,161,0.348,0.429,-0.41,0.491
HOU,NL,2000,938,944,72,0.361,0.477,0.278,0,,,162,0.353,0.476,-0.037,0.444
KCR,AL,2000,879,930,77,0.348,0.425,0.288,0,,,162,0.362,0.474,-0.315,0.475
LAD,NL,2000,798,729,86,0.341,0.431,0.257,0,,,162,0.332,0.407,0.426,0.531
MIL,NL,2000,740,826,73,0.325,0.403,0.246,0,,,163,0.357,0.42,-0.528,0.448
MIN,AL,2000,748,880,69,0.337,0.407,0.27,0,,,162,0.347,0.466,-0.815,0.426
MON,NL,2000,738,902,67,0.326,0.432,0.266,0,,,162,0.353,0.449,-1.012,0.414
NYM,NL,2000,807,738,94,0.346,0.43,0.263,1,3,2,162,0.327,0.403,0.426,0.58
NYY,AL,2000,871,814,87,0.354,0.45,0.277,1,5,1,161,0.336,0.422,0.354,0.54
OAK,AL,2000,947,813,91,0.36,0.458,0.27,1,4,4,161,0.348,0.423,0.832,0.565
PHI,NL,2000,708,830,65,0.329,0.4,0.251,0,,,162,0.343,0.448,-0.753,0.401
PIT,NL,2000,793,888,69,0.339,0.424,0.267,0,,,162,0.361,0.432,-0.586,0.426
SDP,NL,2000,752,815,76,0.33,0.402,0.254,0,,,162,0.34,0.416,-0.389,0.469
SEA,AL,2000,907,780,91,0.361,0.442,0.269,1,4,3,162,0.339,0.416,0.784,0.562
SFG,NL,2000,925,747,97,0.362,0.472,0.278,1,1,4,162,0.342,0.412,1.099,0.599
STL,NL,2000,887,771,95,0.356,0.455,0.27,1,2,3,162,0.338,0.434,0.716,0.586
TBD,AL,2000,733,842,69,0.329,0.399,0.257,0,,,161,0.345,0.451,-0.677,0.429
TEX,AL,2000,848,974,71,0.352,0.446,0.283,0,,,162,0.369,0.475,-0.778,0.438
TOR,AL,2000,861,908,83,0.341,0.469,0.275,0,,,162,0.354,0.456,-0.29,0.512
ANA,AL,1999,711,826,70,0.322,0.395,0.256,0,,,162,0.346,0.427,-0.71,0.432
ARI,NL,1999,908,676,100,0.347,0.459,0.277,1,2,4,162,0.32,0.402,1.432,0.617
ATL,NL,1999,840,661,103,0.341,0.436,0.266,1,1,2,162,0.314,0.377,1.105,0.636
BAL,AL,1999,851,815,78,0.353,0.447,0.279,0,,,162,0.35,0.441,0.222,0.481
BOS,AL,1999,836,718,94,0.35,0.448,0.278,1,6,3,162,0.315,0.398,0.728,0.58
CHC,NL,1999,747,920,67,0.329,0.42,0.257,0,,,162,0.346,0.467,-1.068,0.414
CHW,AL,1999,777,870,75,0.337,0.429,0.277,0,,,162,0.353,0.447,-0.574,0.463
CIN,NL,1999,865,711,96,0.341,0.451,0.272,0,,,163,0.324,0.411,0.945,0.589
CLE,AL,1999,1009,860,97,0.373,0.467,0.289,1,4,4,162,0.347,0.439,0.92,0.599
COL,NL,1999,906,1028,72,0.348,0.472,0.288,0,,,162,0.384,0.499,-0.753,0.444
DET,AL,1999,747,882,69,0.326,0.443,0.261,0,,,161,0.349,0.451,-0.839,0.429
FLA,NL,1999,691,852,64,0.325,0.395,0.263,0,,,162,0.359,0.44,-0.994,0.395
HOU,NL,1999,823,675,97,0.355,0.42,0.267,1,4,4,162,0.326,0.397,0.914,0.599
KCR,AL,1999,856,921,64,0.348,0.433,0.282,0,,,161,0.365,0.454,-0.404,0.398
LAD,NL,1999,793,787,77,0.339,0.42,0.266,0,,,162,0.336,0.422,0.037,0.475
MIL,NL,1999,815,886,74,0.353,0.426,0.273,0,,,161,0.356,0.457,-0.441,0.46
MIN,AL,1999,686,845,63,0.328,0.384,0.264,0,,,161,0.342,0.465,-0.988,0.391
MON,NL,1999,718,853,68,0.323,0.427,0.265,0,,,162,0.342,0.418,-0.833,0.42
NYM,NL,1999,853,711,97,0.363,0.434,0.279,1,4,3,163,0.331,0.418,0.871,0.595
NYY,AL,1999,900,731,98,0.366,0.453,0.282,1,3,1,162,0.329,0.4,1.043,0.605
OAK,AL,1999,893,846,87,0.355,0.446,0.259,0,,,162,0.344,0.428,0.29,0.537
PHI,NL,1999,841,846,77,0.351,0.431,0.275,0,,,162,0.347,0.447,-0.031,0.475
PIT,NL,1999,775,782,78,0.334,0.419,0.259,0,,,161,0.343,0.42,-0.043,0.484
SDP,NL,1999,710,781,74,0.332,0.393,0.252,0,,,162,0.333,0.43,-0.438,0.457
SEA,AL,1999,859,905,79,0.343,0.455,0.269,0,,,162,0.368,0.454,-0.284,0.488
SFG,NL,1999,872,831,86,0.356,0.434,0.271,0,,,162,0.345,0.423,0.253,0.531
STL,NL,1999,809,838,75,0.338,0.426,0.262,0,,,161,0.355,0.427,-0.18,0.466
TBD,AL,1999,772,913,69,0.343,0.411,0.274,0,,,162,0.371,0.448,-0.87,0.426
TEX,AL,1999,945,859,95,0.361,0.479,0.293,1,5,4,162,0.346,0.459,0.531,0.586
TOR,AL,1999,883,862,84,0.352,0.457,0.28,0,,,162,0.353,0.456,0.13,0.519
ANA,AL,1998,787,783,85,0.335,0.415,0.272,0,,,162,,,0.025,0.525
ARI,NL,1998,665,812,65,0.314,0.393,0.246,0,,,162,,,-0.907,0.401
ATL,NL,1998,826,581,106,0.342,0.453,0.272,1,2,3,162,,,1.512,0.654
BAL,AL,1998,817,785,79,0.347,0.447,0.273,0,,,162,,,0.198,0.488
BOS,AL,1998,876,729,92,0.348,0.463,0.28,1,5,4,162,,,0.907,0.568
CHC,NL,1998,831,792,90,0.337,0.433,0.264,1,6,4,163,,,0.239,0.552
CHW,AL,1998,861,931,80,0.339,0.444,0.271,0,,,163,,,-0.429,0.491
CIN,NL,1998,750,760,77,0.337,0.402,0.262,0,,,162,,,-0.062,0.475
CLE,AL,1998,850,779,89,0.347,0.448,0.272,1,7,3,162,,,0.438,0.549
COL,NL,1998,826,855,77,0.347,0.461,0.291,0,,,162,,,-0.179,0.475
DET,AL,1998,722,863,65,0.323,0.415,0.264,0,,,162,,,-0.87,0.401
FLA,NL,1998,667,923,54,0.317,0.373,0.248,0,,,162,,,-1.58,0.333
HOU,NL,1998,874,620,102,0.356,0.436,0.28,1,3,4,162,,,1.568,0.63
KCR,AL,1998,714,899,72,0.324,0.399,0.263,0,,,161,,,-1.149,0.447
LAD,NL,1998,669,678,83,0.31,0.387,0.252,0,,,162,,,-0.056,0.512
MIL,NL,1998,707,812,74,0.33,0.396,0.26,0,,,162,,,-0.648,0.457
MIN,AL,1998,734,818,70,0.328,0.389,0.266,0,,,162,,,-0.519,0.432
MON,NL,1998,644,783,65,0.31,0.394,0.249,0,,,162,,,-0.858,0.401
NYM,NL,1998,706,645,88,0.33,0.394,0.259,0,,,162,,,0.377,0.543
NYY,AL,1998,965,656,114,0.364,0.46,0.288,1,1,1,162,,,1.907,0.704
OAK,AL,1998,804,866,74,0.338,0.397,0.257,0,,,162,,,-0.383,0.457
PHI,NL,1998,713,808,75,0.326,0.395,0.264,0,,,162,,,-0.586,0.463
PIT,NL,1998,650,718,69,0.311,0.374,0.254,0,,,163,,,-0.417,0.423
SDP,NL,1998,749,635,98,0.33,0.409,0.253,1,4,2,162,,,0.704,0.605
SEA,AL,1998,859,855,76,0.345,0.468,0.276,0,,,161,,,0.025,0.472
SFG,NL,1998,845,739,89,0.353,0.421,0.274,0,,,163,,,0.65,0.546
STL,NL,1998,810,782,83,0.341,0.441,0.258,0,,,163,,,0.172,0.509
TBD,AL,1998,620,751,63,0.321,0.385,0.261,0,,,162,,,-0.809,0.389
TEX,AL,1998,940,871,88,0.357,0.462,0.289,1,8,4,162,,,0.426,0.543
TOR,AL,1998,816,768,88,0.34,0.448,0.266,0,,,163,,,0.294,0.54
ANA,AL,1997,829,794,84,0.346,0.416,0.272,0,,,162,,,0.216,0.519
ATL,NL,1997,791,581,101,0.343,0.426,0.27,1,1,3,162,,,1.296,0.623
BAL,AL,1997,812,681,98,0.341,0.429,0.268,1,2,3,162,,,0.809,0.605
BOS,AL,1997,851,857,78,0.352,0.463,0.291,0,,,162,,,-0.037,0.481
CHC,NL,1997,687,759,68,0.321,0.396,0.263,0,,,162,,,-0.444,0.42
CHW,AL,1997,779,833,80,0.341,0.417,0.273,0,,,161,,,-0.335,0.497
CIN,NL,1997,651,764,76,0.321,0.389,0.253,0,,,162,,,-0.698,0.469
CLE,AL,1997,868,815,86,0.358,0.467,0.286,1,6,2,161,,,0.329,0.534
COL,NL,1997,923,908,83,0.357,0.478,0.288,0,,,162,,,0.093,0.512
DET,AL,1997,784,790,79,0.332,0.415,0.258,0,,,162,,,-0.037,0.488
FLA,NL,1997,740,669,92,0.346,0.395,0.259,1,4,1,162,,,0.438,0.568
HOU,NL,1997,777,660,84,0.344,0.403,0.259,1,7,4,162,,,0.722,0.519
KCR,AL,1997,747,820,67,0.333,0.407,0.264,0,,,161,,,-0.453,0.416
LAD,NL,1997,742,645,88,0.33,0.418,0.268,0,,,162,,,0.599,0.543
MIL,AL,1997,681,742,78,0.325,0.398,0.26,0,,,161,,,-0.379,0.484
MIN,AL,1997,772,861,68,0.333,0.409,0.27,0,,,162,,,-0.549,0.42
MON,NL,1997,691,740,78,0.316,0.425,0.258,0,,,162,,,-0.302,0.481
NYM,NL,1997,777,709,88,0.332,0.405,0.262,0,,,162,,,0.42,0.543
NYY,AL,1997,891,688,96,0.362,0.436,0.287,1,3,4,162,,,1.253,0.593
OAK,AL,1997,764,946,65,0.339,0.423,0.26,0,,,162,,,-1.123,0.401
PHI,NL,1997,668,840,68,0.322,0.385,0.255,0,,,162,,,-1.062,0.42
PIT,NL,1997,725,760,79,0.329,0.404,0.262,0,,,162,,,-0.216,0.488
SDP,NL,1997,795,891,76,0.342,0.407,0.271,0,,,162,,,-0.593,0.469
SEA,AL,1997,925,833,90,0.355,0.485,0.28,1,5,4,162,,,0.568,0.556
SFG,NL,1997,784,793,90,0.337,0.414,0.258,1,5,4,162,,,-0.056,0.556
STL,NL,1997,689,708,73,0.324,0.396,0.255,0,,,162,,,-0.117,0.451
TEX,AL,1997,807,823,77,0.334,0.438,0.274,0,,,162,,,-0.099,0.475
TOR,AL,1997,654,694,76,0.31,0.389,0.244,0,,,162,,,-0.247,0.469
ATL,NL,1996,773,648,96,0.333,0.432,0.27,1,2,2,162,,,0.772,0.593
BAL,AL,1996,949,903,88,0.35,0.472,0.274,1,6,3,163,,,0.282,0.54
BOS,AL,1996,928,921,85,0.359,0.457,0.283,0,,,162,,,0.043,0.525
CAL,AL,1996,762,943,70,0.339,0.431,0.276,0,,,161,,,-1.124,0.435
CHC,NL,1996,772,771,76,0.32,0.401,0.251,0,,,162,,,0.006,0.469
CHW,AL,1996,898,794,85,0.36,0.447,0.281,0,,,162,,,0.642,0.525
CIN,NL,1996,778,773,81,0.331,0.422,0.256,0,,,162,,,0.031,0.5
CLE,AL,1996,952,769,99,0.369,0.475,0.293,1,1,4,161,,,1.137,0.615
COL,NL,1996,961,964,83,0.355,0.472,0.287,0,,,162,,,-0.019,0.512
DET,AL,1996,783,1103,53,0.323,0.42,0.256,0,,,162,,,-1.975,0.327
FLA,NL,1996,688,703,80,0.329,0.393,0.257,0,,,162,,,-0.093,0.494
HOU,NL,1996,753,792,82,0.336,0.397,0.262,0,,,162,,,-0.241,0.506
KCR,AL,1996,746,786,75,0.332,0.398,0.267,0,,,161,,,-0.248,0.466
LAD,NL,1996,703,652,90,0.316,0.384,0.252,1,5,4,162,,,0.315,0.556
MIL,AL,1996,894,899,80,0.353,0.441,0.279,0,,,162,,,-0.031,0.494
MIN,AL,1996,877,900,78,0.357,0.425,0.288,0,,,162,,,-0.142,0.481
MON,NL,1996,741,668,88,0.327,0.406,0.262,0,,,162,,,0.451,0.543
NYM,NL,1996,746,779,71,0.324,0.412,0.27,0,,,162,,,-0.204,0.438
NYY,AL,1996,871,787,92,0.36,0.436,0.288,1,3,1,162,,,0.519,0.568
OAK,AL,1996,861,900,78,0.344,0.452,0.265,0,,,162,,,-0.241,0.481
PHI,NL,1996,650,790,67,0.325,0.387,0.256,0,,,162,,,-0.864,0.414
PIT,NL,1996,776,833,73,0.329,0.407,0.266,0,,,162,,,-0.352,0.451
SDP,NL,1996,771,682,91,0.338,0.402,0.265,1,4,4,162,,,0.549,0.562
SEA,AL,1996,993,895,85,0.366,0.484,0.287,0,,,161,,,0.609,0.528
SFG,NL,1996,752,862,68,0.331,0.388,0.253,0,,,162,,,-0.679,0.42
STL,NL,1996,759,706,88,0.33,0.407,0.267,1,6,3,162,,,0.327,0.543
TEX,AL,1996,928,799,90,0.358,0.469,0.284,1,5,4,163,,,0.791,0.552
TOR,AL,1996,766,809,74,0.331,0.42,0.259,0,,,162,,,-0.265,0.457
ATL,NL,1993,767,559,104,0.331,0.408,0.262,1,1,3,162,,,1.284,0.642
BAL,AL,1993,786,745,85,0.346,0.413,0.267,0,,,162,,,0.253,0.525
BOS,AL,1993,686,698,80,0.33,0.395,0.264,0,,,162,,,-0.074,0.494
CAL,AL,1993,684,770,71,0.331,0.38,0.26,0,,,162,,,-0.531,0.438
CHC,NL,1993,738,739,84,0.325,0.414,0.27,0,,,163,,,-0.006,0.515
CHW,AL,1993,776,664,94,0.338,0.411,0.265,1,4,3,162,,,0.691,0.58
CIN,NL,1993,722,785,73,0.324,0.396,0.264,0,,,162,,,-0.389,0.451
CLE,AL,1993,790,813,76,0.335,0.409,0.275,0,,,162,,,-0.142,0.469
COL,NL,1993,758,967,67,0.323,0.422,0.273,0,,,162,,,-1.29,0.414
DET,AL,1993,899,837,85,0.362,0.434,0.275,0,,,162,,,0.383,0.525
FLA,NL,1993,581,724,64,0.314,0.346,0.248,0,,,162,,,-0.883,0.395
HOU,NL,1993,716,630,85,0.33,0.409,0.267,0,,,162,,,0.531,0.525
KCR,AL,1993,675,694,84,0.32,0.397,0.263,0,,,162,,,-0.117,0.519
LAD,NL,1993,675,662,81,0.321,0.383,0.261,0,,,162,,,0.08,0.5
MIL,AL,1993,733,792,69,0.328,0.378,0.258,0,,,162,,,-0.364,0.426
MIN,AL,1993,693,830,71,0.327,0.385,0.264,0,,,162,,,-0.846,0.438
MON,NL,1993,732,682,94,0.326,0.386,0.257,0,,,163,,,0.307,0.577
NYM,NL,1993,672,744,59,0.305,0.39,0.248,0,,,162,,,-0.444,0.364
NYY,AL,1993,821,761,88,0.353,0.435,0.279,0,,,162,,,0.37,0.543
OAK,AL,1993,715,846,68,0.33,0.394,0.254,0,,,162,,,-0.809,0.42
PHI,NL,1993,877,740,97,0.351,0.426,0.274,1,2,2,162,,,0.846,0.599
PIT,NL,1993,707,806,75,0.335,0.393,0.267,0,,,162,,,-0.611,0.463
SDP,NL,1993,679,772,61,0.312,0.389,0.252,0,,,162,,,-0.574,0.377
SEA,AL,1993,734,731,82,0.339,0.406,0.26,0,,,162,,,0.019,0.506
SFG,NL,1993,808,636,103,0.34,0.427,0.276,0,,,162,,,1.062,0.636
STL,NL,1993,758,744,87,0.341,0.395,0.272,0,,,162,,,0.086,0.537
TEX,AL,1993,835,751,86,0.329,0.431,0.267,0,,,162,,,0.519,0.531
TOR,AL,1993,847,742,95,0.35,0.436,0.279,1,3,1,162,,,0.648,0.586
ATL,NL,1992,682,569,98,0.316,0.388,0.254,1,1,2,162,,,0.698,0.605
BAL,AL,1992,705,656,89,0.34,0.398,0.259,0,,,162,,,0.302,0.549
BOS,AL,1992,599,669,73,0.321,0.347,0.246,0,,,162,,,-0.432,0.451
CAL,AL,1992,579,671,72,0.301,0.338,0.243,0,,,162,,,-0.568,0.444
CHC,NL,1992,593,624,78,0.307,0.364,0.254,0,,,162,,,-0.191,0.481
CHW,AL,1992,738,690,86,0.336,0.383,0.261,0,,,162,,,0.296,0.531
CIN,NL,1992,660,609,90,0.328,0.382,0.26,0,,,162,,,0.315,0.556
CLE,AL,1992,674,746,76,0.323,0.383,0.266,0,,,162,,,-0.444,0.469
DET,AL,1992,791,794,75,0.337,0.407,0.256,0,,,162,,,-0.019,0.463
HOU,NL,1992,608,668,81,0.313,0.359,0.246,0,,,162,,,-0.37,0.5
KCR,AL,1992,610,667,72,0.315,0.364,0.256,0,,,162,,,-0.352,0.444
LAD,NL,1992,548,636,63,0.313,0.339,0.248,0,,,162,,,-0.543,0.389
MIL,AL,1992,740,604,92,0.33,0.375,0.268,0,,,162,,,0.84,0.568
MIN,AL,1992,747,653,90,0.341,0.391,0.277,0,,,162,,,0.58,0.556
MON,NL,1992,648,581,87,0.313,0.37,0.252,0,,,162,,,0.414,0.537
NYM,NL,1992,599,653,72,0.31,0.342,0.235,0,,,162,,,-0.333,0.444
NYY,AL,1992,733,746,76,0.328,0.406,0.261,0,,,162,,,-0.08,0.469
OAK,AL,1992,745,672,96,0.346,0.386,0.258,1,2,3,162,,,0.451,0.593
PHI,NL,1992,686,717,70,0.32,0.377,0.253,0,,,162,,,-0.191,0.432
PIT,NL,1992,693,595,96,0.324,0.381,0.255,1,2,3,162,,,0.605,0.593
SDP,NL,1992,617,636,82,0.313,0.386,0.255,0,,,162,,,-0.117,0.506
SEA,AL,1992,679,799,64,0.323,0.402,0.263,0,,,162,,,-0.741,0.395
SFG,NL,1992,574,647,72,0.302,0.355,0.244,0,,,162,,,-0.451,0.444
STL,NL,1992,631,604,83,0.323,0.375,0.262,0,,,162,,,0.167,0.512
TEX,AL,1992,682,753,77,0.321,0.393,0.25,0,,,162,,,-0.438,0.475
TOR,AL,1992,780,682,96,0.333,0.414,0.263,1,2,1,162,,,0.605,0.593
ATL,NL,1991,749,644,94,0.328,0.393,0.258,1,3,2,162,,,0.648,0.58
BAL,AL,1991,686,796,67,0.319,0.401,0.254,0,,,162,,,-0.679,0.414
BOS,AL,1991,731,712,84,0.34,0.401,0.269,0,,,162,,,0.117,0.519
CAL,AL,1991,653,649,81,0.314,0.374,0.255,0,,,162,,,0.025,0.5
CHC,NL,1991,695,734,77,0.309,0.39,0.253,0,,,160,,,-0.244,0.481
CHW,AL,1991,758,681,87,0.336,0.391,0.262,0,,,162,,,0.475,0.537
CIN,NL,1991,689,691,74,0.32,0.403,0.258,0,,,162,,,-0.012,0.457
CLE,AL,1991,576,759,57,0.313,0.35,0.254,0,,,162,,,-1.13,0.352
DET,AL,1991,817,794,84,0.333,0.416,0.247,0,,,162,,,0.142,0.519
HOU,NL,1991,605,717,65,0.309,0.347,0.244,0,,,162,,,-0.691,0.401
KCR,AL,1991,727,722,82,0.328,0.394,0.264,0,,,162,,,0.031,0.506
LAD,NL,1991,665,565,93,0.326,0.359,0.253,0,,,162,,,0.617,0.574
MIL,AL,1991,799,744,83,0.336,0.396,0.271,0,,,162,,,0.34,0.512
MIN,AL,1991,776,652,95,0.344,0.42,0.28,1,2,1,162,,,0.765,0.586
MON,NL,1991,579,655,71,0.308,0.357,0.246,0,,,161,,,-0.472,0.441
NYM,NL,1991,640,646,77,0.317,0.365,0.244,0,,,161,,,-0.037,0.478
NYY,AL,1991,674,777,71,0.316,0.387,0.256,0,,,162,,,-0.636,0.438
OAK,AL,1991,760,776,84,0.331,0.389,0.248,0,,,162,,,-0.099,0.519
PHI,NL,1991,629,680,78,0.303,0.358,0.241,0,,,162,,,-0.315,0.481
PIT,NL,1991,768,632,98,0.338,0.398,0.263,1,1,3,162,,,0.84,0.605
SDP,NL,1991,636,646,84,0.31,0.362,0.244,0,,,162,,,-0.062,0.519
SEA,AL,1991,702,674,83,0.328,0.383,0.255,0,,,162,,,0.173,0.512
SFG,NL,1991,649,697,75,0.309,0.381,0.246,0,,,162,,,-0.296,0.463
STL,NL,1991,651,648,84,0.322,0.357,0.255,0,,,162,,,0.019,0.519
TEX,AL,1991,829,814,85,0.341,0.424,0.27,0,,,162,,,0.093,0.525
TOR,AL,1991,684,622,91,0.322,0.4,0.257,1,4,3,162,,,0.383,0.562
ATL,NL,1990,682,821,65,0.311,0.396,0.25,0,,,162,,,-0.858,0.401
BAL,AL,1990,669,698,76,0.33,0.37,0.245,0,,,161,,,-0.18,0.472
BOS,AL,1990,699,664,88,0.344,0.395,0.272,1,4,3,162,,,0.216,0.543
CAL,AL,1990,690,706,80,0.329,0.391,0.26,0,,,162,,,-0.099,0.494
CHC,NL,1990,690,774,77,0.314,0.392,0.263,0,,,162,,,-0.519,0.475
CHW,AL,1990,682,633,94,0.32,0.379,0.258,0,,,162,,,0.302,0.58
CIN,NL,1990,693,597,91,0.325,0.399,0.265,1,3,1,162,,,0.593,0.562
CLE,AL,1990,732,737,77,0.324,0.391,0.267,0,,,162,,,-0.031,0.475
DET,AL,1990,750,754,79,0.337,0.409,0.259,0,,,162,,,-0.025,0.488
HOU,NL,1990,573,656,75,0.313,0.345,0.242,0,,,162,,,-0.512,0.463
KCR,AL,1990,707,709,75,0.328,0.395,0.267,0,,,161,,,-0.012,0.466
LAD,NL,1990,728,685,86,0.328,0.382,0.262,0,,,162,,,0.265,0.531
MIL,AL,1990,732,760,74,0.32,0.384,0.256,0,,,162,,,-0.173,0.457
MIN,AL,1990,666,729,74,0.324,0.385,0.265,0,,,162,,,-0.389,0.457
MON,NL,1990,662,598,85,0.322,0.37,0.25,0,,,162,,,0.395,0.525
NYM,NL,1990,775,613,91,0.323,0.408,0.256,0,,,162,,,1,0.562
NYY,AL,1990,603,749,67,0.3,0.366,0.241,0,,,162,,,-0.901,0.414
OAK,AL,1990,733,570,103,0.336,0.391,0.254,1,1,2,162,,,1.006,0.636
PHI,NL,1990,646,729,77,0.327,0.363,0.255,0,,,162,,,-0.512,0.475
PIT,NL,1990,733,619,95,0.33,0.405,0.259,1,2,3,162,,,0.704,0.586
SDP,NL,1990,673,673,75,0.32,0.38,0.257,0,,,162,,,0,0.463
SEA,AL,1990,640,680,77,0.333,0.373,0.259,0,,,162,,,-0.247,0.475
SFG,NL,1990,719,710,85,0.323,0.396,0.262,0,,,162,,,0.056,0.525
STL,NL,1990,599,698,70,0.32,0.358,0.256,0,,,162,,,-0.611,0.432
TEX,AL,1990,676,696,83,0.331,0.376,0.259,0,,,162,,,-0.123,0.512
TOR,AL,1990,767,661,86,0.328,0.419,0.265,0,,,162,,,0.654,0.531
ATL,NL,1989,584,680,63,0.298,0.35,0.234,0,,,161,,,-0.596,0.391
BAL,AL,1989,708,686,87,0.326,0.379,0.252,0,,,162,,,0.136,0.537
BOS,AL,1989,774,735,83,0.351,0.403,0.277,0,,,162,,,0.241,0.512
CAL,AL,1989,669,578,91,0.311,0.386,0.256,0,,,162,,,0.562,0.562
CHC,NL,1989,702,623,93,0.319,0.387,0.261,1,2,3,162,,,0.488,0.574
CHW,AL,1989,693,750,69,0.328,0.383,0.271,0,,,161,,,-0.354,0.429
CIN,NL,1989,632,691,75,0.309,0.37,0.247,0,,,162,,,-0.364,0.463
CLE,AL,1989,604,654,73,0.31,0.365,0.245,0,,,162,,,-0.309,0.451
DET,AL,1989,617,816,59,0.318,0.351,0.242,0,,,162,,,-1.228,0.364
HOU,NL,1989,647,669,86,0.306,0.345,0.239,0,,,162,,,-0.136,0.531
KCR,AL,1989,690,635,92,0.329,0.373,0.261,0,,,162,,,0.34,0.568
LAD,NL,1989,554,536,77,0.306,0.339,0.24,0,,,160,,,0.113,0.481
MIL,AL,1989,707,679,81,0.318,0.382,0.259,0,,,162,,,0.173,0.5
MIN,AL,1989,740,738,80,0.334,0.402,0.276,0,,,162,,,0.012,0.494
MON,NL,1989,632,630,81,0.319,0.361,0.247,0,,,162,,,0.012,0.5
NYM,NL,1989,683,595,87,0.311,0.385,0.246,0,,,162,,,0.543,0.537
NYY,AL,1989,698,792,74,0.331,0.391,0.269,0,,,161,,,-0.584,0.46
OAK,AL,1989,712,576,99,0.331,0.381,0.261,1,1,1,162,,,0.84,0.611
PHI,NL,1989,629,735,67,0.314,0.364,0.243,0,,,163,,,-0.65,0.411
PIT,NL,1989,637,680,74,0.311,0.359,0.241,0,,,164,,,-0.262,0.451
SDP,NL,1989,642,626,89,0.319,0.369,0.251,0,,,162,,,0.099,0.549
SEA,AL,1989,694,728,73,0.32,0.384,0.257,0,,,162,,,-0.21,0.451
SFG,NL,1989,699,600,92,0.316,0.39,0.25,1,3,2,162,,,0.611,0.568
STL,NL,1989,632,608,86,0.321,0.363,0.258,0,,,164,,,0.146,0.524
TEX,AL,1989,695,714,83,0.326,0.394,0.263,0,,,162,,,-0.117,0.512
TOR,AL,1989,731,651,89,0.323,0.398,0.26,1,4,3,162,,,0.494,0.549
ATL,NL,1988,555,741,54,0.298,0.348,0.242,0,,,160,,,-1.163,0.338
BAL,AL,1988,550,789,54,0.305,0.359,0.238,0,,,161,,,-1.484,0.335
BOS,AL,1988,813,689,89,0.357,0.42,0.283,1,4,3,162,,,0.765,0.549
CAL,AL,1988,714,771,75,0.321,0.385,0.261,0,,,162,,,-0.352,0.463
CHC,NL,1988,660,694,77,0.31,0.383,0.261,0,,,163,,,-0.209,0.472
CHW,AL,1988,631,757,71,0.303,0.37,0.244,0,,,161,,,-0.783,0.441
CIN,NL,1988,641,596,87,0.309,0.368,0.246,0,,,161,,,0.28,0.54
CLE,AL,1988,666,731,78,0.314,0.387,0.261,0,,,162,,,-0.401,0.481
DET,AL,1988,703,658,88,0.324,0.378,0.25,0,,,162,,,0.278,0.543
HOU,NL,1988,617,631,82,0.306,0.351,0.244,0,,,162,,,-0.086,0.506
KCR,AL,1988,704,648,84,0.321,0.391,0.259,0,,,161,,,0.348,0.522
LAD,NL,1988,628,544,94,0.305,0.352,0.248,1,3,1,162,,,0.519,0.58
MIL,AL,1988,682,616,87,0.314,0.375,0.257,0,,,162,,,0.407,0.537
MIN,AL,1988,759,672,91,0.34,0.421,0.274,0,,,162,,,0.537,0.562
MON,NL,1988,628,592,81,0.309,0.373,0.251,0,,,163,,,0.221,0.497
NYM,NL,1988,703,532,100,0.325,0.396,0.256,1,2,3,160,,,1.069,0.625
NYY,AL,1988,772,748,85,0.333,0.395,0.263,0,,,161,,,0.149,0.528
OAK,AL,1988,800,620,104,0.336,0.399,0.263,1,1,2,162,,,1.111,0.642
PHI,NL,1988,597,734,65,0.306,0.355,0.239,0,,,162,,,-0.846,0.401
PIT,NL,1988,651,616,85,0.317,0.369,0.247,0,,,160,,,0.219,0.531
SDP,NL,1988,594,583,83,0.31,0.351,0.247,0,,,161,,,0.068,0.516
SEA,AL,1988,664,744,68,0.317,0.398,0.257,0,,,161,,,-0.497,0.422
SFG,NL,1988,670,626,83,0.318,0.368,0.248,0,,,162,,,0.272,0.512
STL,NL,1988,578,633,76,0.309,0.337,0.249,0,,,162,,,-0.34,0.469
TEX,AL,1988,637,735,70,0.32,0.368,0.252,0,,,161,,,-0.609,0.435
TOR,AL,1988,763,680,87,0.332,0.419,0.268,0,,,162,,,0.512,0.537
ATL,NL,1987,747,829,69,0.339,0.403,0.258,0,,,161,,,-0.509,0.429
BAL,AL,1987,729,880,67,0.322,0.418,0.258,0,,,162,,,-0.932,0.414
BOS,AL,1987,842,825,78,0.352,0.43,0.278,0,,,162,,,0.105,0.481
CAL,AL,1987,770,803,75,0.326,0.401,0.252,0,,,162,,,-0.204,0.463
CHC,NL,1987,720,801,76,0.326,0.432,0.264,0,,,161,,,-0.503,0.472
CHW,AL,1987,748,746,77,0.319,0.415,0.258,0,,,162,,,0.012,0.475
CIN,NL,1987,783,752,84,0.33,0.427,0.266,0,,,162,,,0.191,0.519
CLE,AL,1987,742,957,61,0.324,0.422,0.263,0,,,162,,,-1.327,0.377
DET,AL,1987,896,735,98,0.349,0.451,0.272,1,1,3,162,,,0.994,0.605
HOU,NL,1987,648,678,76,0.318,0.373,0.253,0,,,162,,,-0.185,0.469
KCR,AL,1987,715,691,83,0.328,0.412,0.262,0,,,162,,,0.148,0.512
LAD,NL,1987,635,675,73,0.309,0.371,0.252,0,,,162,,,-0.247,0.451
MIL,AL,1987,862,817,91,0.346,0.428,0.276,0,,,162,,,0.278,0.562
MIN,AL,1987,786,806,85,0.328,0.43,0.261,1,4,1,162,,,-0.123,0.525
MON,NL,1987,741,720,91,0.328,0.401,0.265,0,,,162,,,0.13,0.562
NYM,NL,1987,823,698,92,0.339,0.434,0.268,0,,,162,,,0.772,0.568
NYY,AL,1987,788,758,89,0.336,0.418,0.262,0,,,162,,,0.185,0.549
OAK,AL,1987,806,789,81,0.333,0.428,0.26,0,,,162,,,0.105,0.5
PHI,NL,1987,702,749,80,0.327,0.41,0.254,0,,,162,,,-0.29,0.494
PIT,NL,1987,723,744,80,0.33,0.403,0.264,0,,,162,,,-0.13,0.494
SDP,NL,1987,668,763,65,0.332,0.378,0.26,0,,,162,,,-0.586,0.401
SEA,AL,1987,760,801,78,0.335,0.428,0.272,0,,,162,,,-0.253,0.481
SFG,NL,1987,783,669,90,0.324,0.43,0.26,1,3,3,162,,,0.704,0.556
STL,NL,1987,798,693,95,0.34,0.378,0.263,1,2,2,162,,,0.648,0.586
TEX,AL,1987,823,849,75,0.333,0.43,0.266,0,,,162,,,-0.16,0.463
TOR,AL,1987,845,655,96,0.336,0.446,0.269,0,,,162,,,1.173,0.593
ATL,NL,1986,615,719,72,0.319,0.381,0.25,0,,,161,,,-0.646,0.447
BAL,AL,1986,708,760,73,0.327,0.395,0.258,0,,,162,,,-0.321,0.451
BOS,AL,1986,794,696,95,0.346,0.415,0.271,1,3,2,161,,,0.609,0.59
CAL,AL,1986,786,684,92,0.338,0.404,0.255,1,4,3,162,,,0.63,0.568
CHC,NL,1986,680,781,70,0.318,0.398,0.256,0,,,160,,,-0.631,0.438
CHW,AL,1986,644,699,72,0.31,0.363,0.247,0,,,162,,,-0.34,0.444
CIN,NL,1986,732,717,86,0.325,0.387,0.254,0,,,162,,,0.093,0.531
CLE,AL,1986,831,841,84,0.337,0.43,0.284,0,,,163,,,-0.061,0.515
DET,AL,1986,798,714,87,0.338,0.424,0.263,0,,,162,,,0.519,0.537
HOU,NL,1986,654,569,96,0.322,0.381,0.255,1,2,3,162,,,0.525,0.593
KCR,AL,1986,654,673,76,0.313,0.39,0.252,0,,,162,,,-0.117,0.469
LAD,NL,1986,638,679,73,0.313,0.37,0.251,0,,,162,,,-0.253,0.451
MIL,AL,1986,667,734,77,0.321,0.385,0.255,0,,,161,,,-0.416,0.478
MIN,AL,1986,741,839,71,0.325,0.428,0.261,0,,,162,,,-0.605,0.438
MON,NL,1986,637,688,78,0.322,0.379,0.254,0,,,161,,,-0.317,0.484
NYM,NL,1986,783,578,108,0.339,0.401,0.263,1,1,1,162,,,1.265,0.667
NYY,AL,1986,797,738,90,0.347,0.43,0.271,0,,,162,,,0.364,0.556
OAK,AL,1986,731,760,76,0.322,0.39,0.252,0,,,162,,,-0.179,0.469
PHI,NL,1986,739,713,86,0.327,0.4,0.253,0,,,161,,,0.161,0.534
PIT,NL,1986,663,700,64,0.321,0.374,0.25,0,,,162,,,-0.228,0.395
SDP,NL,1986,656,723,74,0.321,0.388,0.261,0,,,162,,,-0.414,0.457
SEA,AL,1986,718,835,67,0.326,0.399,0.253,0,,,162,,,-0.722,0.414
SFG,NL,1986,698,618,83,0.322,0.375,0.253,0,,,162,,,0.494,0.512
STL,NL,1986,601,611,79,0.309,0.327,0.236,0,,,161,,,-0.062,0.491
TEX,AL,1986,771,743,87,0.331,0.428,0.267,0,,,162,,,0.173,0.537
TOR,AL,1986,809,733,86,0.329,0.427,0.269,0,,,163,,,0.466,0.528
ATL,NL,1985,632,781,66,0.315,0.363,0.246,0,,,162,,,-0.92,0.407
BAL,AL,1985,818,764,83,0.336,0.43,0.263,0,,,161,,,0.335,0.516
BOS,AL,1985,800,720,81,0.347,0.429,0.282,0,,,163,,,0.491,0.497
CAL,AL,1985,732,703,90,0.333,0.386,0.251,0,,,162,,,0.179,0.556
CHC,NL,1985,686,729,77,0.324,0.39,0.254,0,,,162,,,-0.265,0.475
CHW,AL,1985,736,720,85,0.315,0.392,0.253,0,,,163,,,0.098,0.521
CIN,NL,1985,677,666,89,0.327,0.376,0.255,0,,,162,,,0.068,0.549
CLE,AL,1985,729,861,60,0.324,0.385,0.265,0,,,162,,,-0.815,0.37
DET,AL,1985,729,688,84,0.318,0.424,0.253,0,,,161,,,0.255,0.522
HOU,NL,1985,706,691,83,0.319,0.388,0.261,0,,,162,,,0.093,0.512
KCR,AL,1985,687,639,91,0.313,0.401,0.252,1,4,1,162,,,0.296,0.562
LAD,NL,1985,682,579,95,0.328,0.382,0.261,1,3,3,162,,,0.636,0.586
MIL,AL,1985,690,802,71,0.319,0.379,0.263,0,,,161,,,-0.696,0.441
MIN,AL,1985,705,782,77,0.326,0.407,0.264,0,,,162,,,-0.475,0.475
MON,NL,1985,633,636,84,0.31,0.375,0.247,0,,,161,,,-0.019,0.522
NYM,NL,1985,695,568,98,0.323,0.385,0.257,0,,,162,,,0.784,0.605
NYY,AL,1985,839,660,97,0.344,0.425,0.267,0,,,161,,,1.112,0.602
OAK,AL,1985,757,787,77,0.325,0.401,0.264,0,,,162,,,-0.185,0.475
PHI,NL,1985,667,673,75,0.312,0.383,0.245,0,,,162,,,-0.037,0.463
PIT,NL,1985,568,708,57,0.311,0.347,0.247,0,,,161,,,-0.87,0.354
SDP,NL,1985,650,622,83,0.32,0.368,0.255,0,,,162,,,0.173,0.512
SEA,AL,1985,719,818,74,0.326,0.412,0.255,0,,,162,,,-0.611,0.457
SFG,NL,1985,556,674,62,0.299,0.348,0.233,0,,,162,,,-0.728,0.383
STL,NL,1985,747,572,101,0.335,0.379,0.264,1,1,2,162,,,1.08,0.623
TEX,AL,1985,617,785,62,0.322,0.381,0.253,0,,,161,,,-1.043,0.385
TOR,AL,1985,759,588,99,0.331,0.425,0.269,1,2,3,161,,,1.062,0.615
ATL,NL,1984,632,655,80,0.317,0.361,0.247,0,,,162,,,-0.142,0.494
BAL,AL,1984,681,667,85,0.328,0.391,0.252,0,,,162,,,0.086,0.525
BOS,AL,1984,810,764,86,0.341,0.441,0.283,0,,,162,,,0.284,0.531
CAL,AL,1984,696,697,81,0.319,0.381,0.249,0,,,162,,,-0.006,0.5
CHC,NL,1984,762,658,96,0.331,0.397,0.26,1,2,3,161,,,0.646,0.596
CHW,AL,1984,679,736,74,0.314,0.395,0.247,0,,,162,,,-0.352,0.457
CIN,NL,1984,627,747,70,0.313,0.356,0.244,0,,,162,,,-0.741,0.432
CLE,AL,1984,761,766,75,0.335,0.384,0.265,0,,,163,,,-0.031,0.46
DET,AL,1984,829,643,104,0.342,0.432,0.271,1,1,1,162,,,1.148,0.642
HOU,NL,1984,693,630,80,0.323,0.371,0.264,0,,,162,,,0.389,0.494
KCR,AL,1984,673,686,84,0.317,0.399,0.268,1,4,3,162,,,-0.08,0.519
LAD,NL,1984,580,600,79,0.306,0.348,0.244,0,,,162,,,-0.123,0.488
MIL,AL,1984,641,734,67,0.317,0.37,0.262,0,,,161,,,-0.578,0.416
MIN,AL,1984,673,675,81,0.318,0.385,0.265,0,,,162,,,-0.012,0.5
MON,NL,1984,593,585,78,0.312,0.362,0.251,0,,,161,,,0.05,0.484
NYM,NL,1984,652,676,90,0.32,0.369,0.257,0,,,162,,,-0.148,0.556
NYY,AL,1984,758,679,87,0.339,0.404,0.276,0,,,162,,,0.488,0.537
OAK,AL,1984,738,796,77,0.327,0.404,0.259,0,,,162,,,-0.358,0.475
PHI,NL,1984,720,690,81,0.333,0.407,0.266,0,,,162,,,0.185,0.5
PIT,NL,1984,615,567,75,0.31,0.363,0.255,0,,,162,,,0.296,0.463
SDP,NL,1984,686,634,92,0.317,0.371,0.259,1,3,2,162,,,0.321,0.568
SEA,AL,1984,682,774,74,0.324,0.384,0.258,0,,,162,,,-0.568,0.457
SFG,NL,1984,682,807,66,0.328,0.375,0.265,0,,,162,,,-0.772,0.407
STL,NL,1984,652,645,84,0.317,0.351,0.252,0,,,162,,,0.043,0.519
TEX,AL,1984,656,714,69,0.313,0.377,0.261,0,,,161,,,-0.36,0.429
TOR,AL,1984,750,696,89,0.331,0.421,0.273,0,,,163,,,0.331,0.546
ATL,NL,1983,746,640,88,0.341,0.4,0.272,0,,,162,,,0.654,0.543
BAL,AL,1983,799,652,98,0.34,0.421,0.269,1,2,1,162,,,0.907,0.605
BOS,AL,1983,724,775,78,0.335,0.409,0.27,0,,,162,,,-0.315,0.481
CAL,AL,1983,722,779,70,0.322,0.393,0.26,0,,,162,,,-0.352,0.432
CHC,NL,1983,701,719,71,0.319,0.401,0.261,0,,,162,,,-0.111,0.438
CHW,AL,1983,800,650,99,0.329,0.413,0.262,1,1,3,162,,,0.926,0.611
CIN,NL,1983,623,710,74,0.314,0.356,0.239,0,,,162,,,-0.537,0.457
CLE,AL,1983,704,785,70,0.338,0.369,0.265,0,,,162,,,-0.5,0.432
DET,AL,1983,789,679,92,0.335,0.427,0.274,0,,,162,,,0.679,0.568
HOU,NL,1983,643,646,85,0.32,0.375,0.257,0,,,162,,,-0.019,0.525
KCR,AL,1983,696,767,79,0.32,0.397,0.271,0,,,163,,,-0.436,0.485
LAD,NL,1983,654,609,91,0.318,0.379,0.25,1,3,3,163,,,0.276,0.558
MIL,AL,1983,764,708,87,0.333,0.418,0.277,0,,,162,,,0.346,0.537
MIN,AL,1983,709,822,70,0.319,0.401,0.261,0,,,162,,,-0.698,0.432
MON,NL,1983,677,646,82,0.326,0.386,0.264,0,,,163,,,0.19,0.503
NYM,NL,1983,575,680,68,0.3,0.344,0.241,0,,,162,,,-0.648,0.42
NYY,AL,1983,770,703,91,0.337,0.416,0.273,0,,,162,,,0.414,0.562
OAK,AL,1983,708,782,74,0.326,0.381,0.262,0,,,162,,,-0.457,0.457
PHI,NL,1983,696,635,90,0.329,0.373,0.249,1,4,2,163,,,0.374,0.552
PIT,NL,1983,659,648,84,0.325,0.383,0.264,0,,,162,,,0.068,0.519
SDP,NL,1983,653,653,81,0.311,0.351,0.25,0,,,163,,,0,0.497
SEA,AL,1983,558,740,60,0.301,0.36,0.24,0,,,162,,,-1.123,0.37
SFG,NL,1983,687,697,79,0.325,0.375,0.247,0,,,162,,,-0.062,0.488
STL,NL,1983,679,710,79,0.335,0.384,0.27,0,,,162,,,-0.191,0.488
TEX,AL,1983,639,609,77,0.31,0.366,0.255,0,,,163,,,0.184,0.472
TOR,AL,1983,795,726,89,0.338,0.436,0.277,0,,,162,,,0.426,0.549
ATL,NL,1982,739,702,89,0.325,0.383,0.256,1,4,3,162,,,0.228,0.549
BAL,AL,1982,774,687,94,0.341,0.419,0.266,0,,,163,,,0.534,0.577
BOS,AL,1982,753,713,89,0.34,0.407,0.274,0,,,162,,,0.247,0.549
CAL,AL,1982,814,670,93,0.347,0.433,0.274,1,2,3,162,,,0.889,0.574
CHC,NL,1982,676,709,73,0.317,0.375,0.26,0,,,162,,,-0.204,0.451
CHW,AL,1982,786,710,87,0.337,0.413,0.273,0,,,162,,,0.469,0.537
CIN,NL,1982,545,661,61,0.31,0.35,0.251,0,,,162,,,-0.716,0.377
CLE,AL,1982,683,748,78,0.341,0.373,0.262,0,,,162,,,-0.401,0.481
DET,AL,1982,729,685,83,0.324,0.418,0.266,0,,,162,,,0.272,0.512
HOU,NL,1982,569,620,77,0.302,0.349,0.247,0,,,162,,,-0.315,0.475
KCR,AL,1982,784,717,90,0.337,0.428,0.285,0,,,162,,,0.414,0.556
LAD,NL,1982,691,612,88,0.327,0.388,0.264,0,,,162,,,0.488,0.543
MIL,AL,1982,891,717,95,0.335,0.455,0.279,1,1,2,163,,,1.067,0.583
MIN,AL,1982,657,819,60,0.316,0.396,0.257,0,,,162,,,-1,0.37
MON,NL,1982,697,616,86,0.325,0.396,0.262,0,,,162,,,0.5,0.531
NYM,NL,1982,609,723,65,0.305,0.35,0.247,0,,,162,,,-0.704,0.401
NYY,AL,1982,709,716,79,0.328,0.398,0.256,0,,,162,,,-0.043,0.488
OAK,AL,1982,691,819,68,0.309,0.367,0.236,0,,,162,,,-0.79,0.42
PHI,NL,1982,664,654,89,0.323,0.376,0.26,0,,,162,,,0.062,0.549
PIT,NL,1982,724,696,84,0.327,0.408,0.273,0,,,162,,,0.173,0.519
SDP,NL,1982,675,658,81,0.311,0.359,0.257,0,,,162,,,0.105,0.5
SEA,AL,1982,651,712,76,0.311,0.381,0.254,0,,,162,,,-0.377,0.469
SFG,NL,1982,673,687,87,0.327,0.376,0.253,0,,,162,,,-0.086,0.537
STL,NL,1982,685,609,92,0.334,0.364,0.264,1,3,1,162,,,0.469,0.568
TEX,AL,1982,590,749,64,0.308,0.359,0.249,0,,,162,,,-0.981,0.395
TOR,AL,1982,651,701,78,0.314,0.383,0.262,0,,,162,,,-0.309,0.481
ATL,NL,1980,630,660,81,0.307,0.38,0.25,0,,,161,,,-0.186,0.503
BAL,AL,1980,805,640,100,0.342,0.413,0.273,0,,,162,,,1.019,0.617
BOS,AL,1980,757,767,83,0.34,0.436,0.283,0,,,160,,,-0.063,0.519
CAL,AL,1980,698,797,65,0.332,0.378,0.265,0,,,160,,,-0.619,0.406
CHC,NL,1980,614,728,64,0.309,0.365,0.251,0,,,162,,,-0.704,0.395
CHW,AL,1980,587,722,70,0.311,0.37,0.259,0,,,162,,,-0.833,0.432
CIN,NL,1980,707,670,89,0.327,0.386,0.262,0,,,163,,,0.227,0.546
CLE,AL,1980,738,807,79,0.35,0.381,0.277,0,,,160,,,-0.431,0.494
DET,AL,1980,830,757,84,0.348,0.409,0.273,0,,,163,,,0.448,0.515
HOU,NL,1980,637,589,93,0.326,0.367,0.261,1,3,3,163,,,0.294,0.571
KCR,AL,1980,809,694,97,0.345,0.413,0.286,1,2,2,162,,,0.71,0.599
LAD,NL,1980,663,591,92,0.323,0.388,0.263,0,,,163,,,0.442,0.564
MIL,AL,1980,811,682,86,0.329,0.448,0.275,0,,,162,,,0.796,0.531
MIN,AL,1980,670,724,77,0.319,0.381,0.265,0,,,161,,,-0.335,0.478
MON,NL,1980,694,629,90,0.324,0.388,0.257,0,,,162,,,0.401,0.556
NYM,NL,1980,611,702,67,0.319,0.345,0.257,0,,,162,,,-0.562,0.414
NYY,AL,1980,820,662,103,0.343,0.425,0.267,1,1,3,162,,,0.975,0.636
OAK,AL,1980,686,642,83,0.322,0.385,0.259,0,,,162,,,0.272,0.512
PHI,NL,1980,728,639,91,0.327,0.4,0.27,1,4,1,162,,,0.549,0.562
PIT,NL,1980,666,646,83,0.322,0.388,0.266,0,,,162,,,0.123,0.512
SDP,NL,1980,591,654,73,0.324,0.342,0.255,0,,,163,,,-0.387,0.448
SEA,AL,1980,610,793,59,0.308,0.356,0.248,0,,,163,,,-1.123,0.362
SFG,NL,1980,573,634,75,0.308,0.342,0.244,0,,,161,,,-0.379,0.466
STL,NL,1980,738,710,74,0.328,0.4,0.275,0,,,162,,,0.173,0.457
TEX,AL,1980,756,752,76,0.339,0.405,0.284,0,,,163,,,0.025,0.466
TOR,AL,1980,624,762,67,0.309,0.383,0.251,0,,,162,,,-0.852,0.414
ATL,NL,1979,669,763,66,0.318,0.377,0.256,0,,,160,,,-0.588,0.413
BAL,AL,1979,757,582,102,0.336,0.419,0.261,1,1,2,159,,,1.101,0.642
BOS,AL,1979,841,711,91,0.344,0.456,0.283,0,,,160,,,0.813,0.569
CAL,AL,1979,866,768,88,0.351,0.429,0.282,1,4,3,162,,,0.605,0.543
CHC,NL,1979,706,707,80,0.329,0.403,0.269,0,,,162,,,-0.006,0.494
CHW,AL,1979,730,748,73,0.333,0.41,0.275,0,,,160,,,-0.113,0.456
CIN,NL,1979,731,644,90,0.338,0.396,0.264,1,3,3,161,,,0.54,0.559
CLE,AL,1979,760,805,81,0.34,0.384,0.258,0,,,161,,,-0.28,0.503
DET,AL,1979,770,738,84,0.339,0.415,0.269,0,,,161,,,0.199,0.522
HOU,NL,1979,583,582,89,0.315,0.344,0.256,0,,,162,,,0.006,0.549
KCR,AL,1979,851,816,85,0.343,0.422,0.282,0,,,162,,,0.216,0.525
LAD,NL,1979,739,717,79,0.331,0.412,0.263,0,,,162,,,0.136,0.488
MIL,AL,1979,807,722,95,0.345,0.448,0.28,0,,,161,,,0.528,0.59
MIN,AL,1979,764,725,82,0.341,0.402,0.278,0,,,162,,,0.241,0.506
MON,NL,1979,701,581,95,0.319,0.408,0.264,0,,,160,,,0.75,0.594
NYM,NL,1979,593,706,63,0.313,0.35,0.25,0,,,163,,,-0.693,0.387
NYY,AL,1979,734,672,89,0.328,0.406,0.266,0,,,160,,,0.388,0.556
OAK,AL,1979,573,860,54,0.302,0.346,0.239,0,,,162,,,-1.772,0.333
PHI,NL,1979,683,718,84,0.34,0.396,0.266,0,,,163,,,-0.215,0.515
PIT,NL,1979,775,643,98,0.33,0.416,0.272,1,2,1,163,,,0.81,0.601
SDP,NL,1979,603,681,68,0.311,0.348,0.242,0,,,161,,,-0.484,0.422
SEA,AL,1979,711,820,67,0.331,0.404,0.269,0,,,162,,,-0.673,0.414
SFG,NL,1979,672,751,71,0.319,0.365,0.246,0,,,162,,,-0.488,0.438
STL,NL,1979,731,693,86,0.331,0.401,0.278,0,,,163,,,0.233,0.528
TEX,AL,1979,750,698,83,0.334,0.409,0.278,0,,,162,,,0.321,0.512
TOR,AL,1979,613,862,53,0.311,0.363,0.251,0,,,162,,,-1.537,0.327
ATL,NL,1978,600,750,69,0.315,0.363,0.244,0,,,162,,,-0.926,0.426
BAL,AL,1978,659,633,90,0.326,0.396,0.258,0,,,161,,,0.161,0.559
BOS,AL,1978,796,657,99,0.336,0.424,0.267,0,,,163,,,0.853,0.607
CAL,AL,1978,691,666,87,0.33,0.37,0.259,0,,,162,,,0.154,0.537
CHC,NL,1978,664,724,79,0.331,0.361,0.264,0,,,162,,,-0.37,0.488
CHW,AL,1978,634,731,71,0.317,0.379,0.264,0,,,161,,,-0.602,0.441
CIN,NL,1978,710,688,92,0.334,0.393,0.256,0,,,161,,,0.137,0.571
CLE,AL,1978,639,694,69,0.323,0.379,0.261,0,,,159,,,-0.346,0.434
DET,AL,1978,714,653,86,0.339,0.392,0.271,0,,,162,,,0.377,0.531
HOU,NL,1978,605,634,74,0.313,0.355,0.258,0,,,162,,,-0.179,0.457
KCR,AL,1978,743,634,92,0.329,0.399,0.268,1,3,3,162,,,0.673,0.568
LAD,NL,1978,727,573,95,0.338,0.402,0.264,1,2,2,162,,,0.951,0.586
MIL,AL,1978,804,650,93,0.339,0.432,0.276,0,,,162,,,0.951,0.574
MIN,AL,1978,666,678,73,0.339,0.375,0.267,0,,,162,,,-0.074,0.451
MON,NL,1978,633,611,76,0.306,0.379,0.254,0,,,162,,,0.136,0.469
NYM,NL,1978,607,690,66,0.314,0.352,0.245,0,,,162,,,-0.512,0.407
NYY,AL,1978,735,582,100,0.329,0.388,0.267,1,1,1,163,,,0.939,0.613
OAK,AL,1978,532,690,69,0.303,0.351,0.245,0,,,162,,,-0.975,0.426
PHI,NL,1978,708,586,90,0.328,0.388,0.258,1,4,3,162,,,0.753,0.556
PIT,NL,1978,684,637,88,0.32,0.385,0.257,0,,,161,,,0.292,0.547
SDP,NL,1978,591,598,84,0.321,0.348,0.252,0,,,162,,,-0.043,0.519
SEA,AL,1978,614,834,56,0.314,0.359,0.248,0,,,160,,,-1.375,0.35
SFG,NL,1978,613,594,89,0.318,0.374,0.248,0,,,162,,,0.117,0.549
STL,NL,1978,600,657,69,0.303,0.358,0.249,0,,,162,,,-0.352,0.426
TEX,AL,1978,692,632,87,0.332,0.381,0.253,0,,,162,,,0.37,0.537
TOR,AL,1978,590,775,59,0.308,0.359,0.25,0,,,161,,,-1.149,0.366
ATL,NL,1977,678,895,61,0.32,0.376,0.254,0,,,162,,,-1.34,0.377
BAL,AL,1977,719,653,97,0.329,0.393,0.261,0,,,161,,,0.41,0.602
BOS,AL,1977,859,712,97,0.345,0.465,0.281,0,,,161,,,0.913,0.602
CAL,AL,1977,675,695,74,0.324,0.386,0.255,0,,,162,,,-0.123,0.457
CHC,NL,1977,692,739,81,0.33,0.387,0.266,0,,,162,,,-0.29,0.5
CHW,AL,1977,844,771,90,0.344,0.444,0.278,0,,,162,,,0.451,0.556
CIN,NL,1977,802,725,88,0.345,0.436,0.274,0,,,162,,,0.475,0.543
CLE,AL,1977,676,739,71,0.334,0.38,0.269,0,,,161,,,-0.391,0.441
DET,AL,1977,714,751,74,0.318,0.41,0.264,0,,,162,,,-0.228,0.457
HOU,NL,1977,680,650,81,0.32,0.385,0.254,0,,,162,,,0.185,0.5
KCR,AL,1977,822,651,102,0.34,0.436,0.277,1,1,3,162,,,1.056,0.63
LAD,NL,1977,769,582,98,0.336,0.418,0.266,1,4,2,162,,,1.154,0.605
MIL,AL,1977,639,765,67,0.314,0.389,0.258,0,,,162,,,-0.778,0.414
MIN,AL,1977,867,776,84,0.348,0.417,0.282,0,,,161,,,0.565,0.522
MON,NL,1977,665,736,75,0.318,0.402,0.26,0,,,162,,,-0.438,0.463
NYM,NL,1977,587,663,64,0.313,0.346,0.244,0,,,162,,,-0.469,0.395
NYY,AL,1977,831,651,100,0.344,0.444,0.281,1,3,1,162,,,1.111,0.617
OAK,AL,1977,605,749,63,0.308,0.352,0.24,0,,,161,,,-0.894,0.391
PHI,NL,1977,847,668,101,0.346,0.448,0.279,1,2,3,162,,,1.105,0.623
PIT,NL,1977,734,665,96,0.331,0.413,0.274,0,,,162,,,0.426,0.593
SDP,NL,1977,692,834,69,0.324,0.375,0.249,0,,,162,,,-0.877,0.426
SEA,AL,1977,624,855,64,0.312,0.381,0.256,0,,,162,,,-1.426,0.395
SFG,NL,1977,673,711,75,0.323,0.383,0.253,0,,,162,,,-0.235,0.463
STL,NL,1977,737,688,83,0.33,0.388,0.27,0,,,162,,,0.302,0.512
TEX,AL,1977,767,657,94,0.342,0.405,0.27,0,,,162,,,0.679,0.58
TOR,AL,1977,605,822,54,0.316,0.365,0.252,0,,,161,,,-1.348,0.335
ATL,NL,1976,620,700,70,0.32,0.334,0.245,0,,,162,,,-0.494,0.432
BAL,AL,1976,619,598,88,0.31,0.358,0.243,0,,,162,,,0.13,0.543
BOS,AL,1976,716,660,83,0.324,0.402,0.263,0,,,162,,,0.346,0.512
CAL,AL,1976,550,631,76,0.306,0.318,0.235,0,,,162,,,-0.5,0.469
CHC,NL,1976,611,728,75,0.313,0.356,0.251,0,,,162,,,-0.722,0.463
CHW,AL,1976,586,745,64,0.314,0.349,0.255,0,,,161,,,-0.988,0.398
CIN,NL,1976,857,633,102,0.357,0.424,0.28,1,1,1,162,,,1.383,0.63
CLE,AL,1976,615,615,81,0.321,0.359,0.263,0,,,159,,,0,0.509
DET,AL,1976,609,709,74,0.315,0.365,0.257,0,,,161,,,-0.621,0.46
HOU,NL,1976,625,657,80,0.322,0.347,0.256,0,,,162,,,-0.198,0.494
KCR,AL,1976,713,611,90,0.327,0.371,0.269,1,4,3,162,,,0.63,0.556
LAD,NL,1976,608,543,92,0.313,0.349,0.251,0,,,162,,,0.401,0.568
MIL,AL,1976,570,655,66,0.311,0.34,0.246,0,,,161,,,-0.528,0.41
MIN,AL,1976,743,704,85,0.341,0.375,0.274,0,,,162,,,0.241,0.525
MON,NL,1976,531,734,55,0.291,0.34,0.235,0,,,162,,,-1.253,0.34
NYM,NL,1976,615,538,86,0.319,0.352,0.246,0,,,162,,,0.475,0.531
NYY,AL,1976,730,575,97,0.328,0.389,0.269,1,3,2,159,,,0.975,0.61
OAK,AL,1976,686,598,87,0.323,0.361,0.246,0,,,161,,,0.547,0.54
PHI,NL,1976,770,557,101,0.338,0.395,0.272,1,2,3,162,,,1.315,0.623
PIT,NL,1976,708,630,92,0.321,0.391,0.267,0,,,162,,,0.481,0.568
SDP,NL,1976,570,662,73,0.31,0.337,0.247,0,,,162,,,-0.568,0.451
SFG,NL,1976,595,686,74,0.312,0.345,0.246,0,,,162,,,-0.562,0.457
STL,NL,1976,629,671,72,0.323,0.359,0.26,0,,,162,,,-0.259,0.444
TEX,AL,1976,616,652,76,0.321,0.341,0.25,0,,,162,,,-0.222,0.469
ATL,NL,1975,583,739,67,0.313,0.346,0.244,0,,,161,,,-0.969,0.416
BAL,AL,1975,682,553,90,0.326,0.373,0.252,0,,,159,,,0.811,0.566
BOS,AL,1975,796,709,95,0.344,0.417,0.275,1,3,2,160,,,0.544,0.594
CAL,AL,1975,628,723,72,0.322,0.328,0.246,0,,,161,,,-0.59,0.447
CHC,NL,1975,712,827,75,0.338,0.368,0.259,0,,,162,,,-0.71,0.463
CHW,AL,1975,655,703,75,0.331,0.358,0.255,0,,,161,,,-0.298,0.466
CIN,NL,1975,840,586,108,0.353,0.401,0.271,1,1,1,162,,,1.568,0.667
CLE,AL,1975,688,703,79,0.327,0.392,0.261,0,,,159,,,-0.094,0.497
DET,AL,1975,570,786,57,0.301,0.366,0.249,0,,,159,,,-1.358,0.358
HOU,NL,1975,664,711,64,0.32,0.359,0.254,0,,,162,,,-0.29,0.395
KCR,AL,1975,710,649,91,0.333,0.394,0.261,0,,,162,,,0.377,0.562
LAD,NL,1975,648,534,88,0.325,0.365,0.248,0,,,162,,,0.704,0.543
MIL,AL,1975,675,792,68,0.32,0.389,0.25,0,,,162,,,-0.722,0.42
MIN,AL,1975,724,736,76,0.341,0.386,0.271,0,,,159,,,-0.075,0.478
MON,NL,1975,601,690,75,0.317,0.348,0.244,0,,,162,,,-0.549,0.463
NYM,NL,1975,646,625,82,0.319,0.361,0.256,0,,,162,,,0.13,0.506
NYY,AL,1975,681,588,83,0.325,0.382,0.264,0,,,160,,,0.581,0.519
OAK,AL,1975,758,606,98,0.333,0.391,0.254,1,2,3,162,,,0.938,0.605
PHI,NL,1975,735,694,86,0.342,0.402,0.269,0,,,162,,,0.253,0.531
PIT,NL,1975,712,565,92,0.323,0.402,0.263,1,4,3,161,,,0.913,0.571
SDP,NL,1975,552,683,71,0.31,0.335,0.244,0,,,162,,,-0.809,0.438
SFG,NL,1975,659,671,80,0.333,0.365,0.259,0,,,161,,,-0.075,0.497
STL,NL,1975,662,689,82,0.327,0.375,0.273,0,,,163,,,-0.166,0.503
TEX,AL,1975,714,733,79,0.33,0.371,0.256,0,,,162,,,-0.117,0.488
ATL,NL,1974,661,563,88,0.319,0.363,0.249,0,,,163,,,0.601,0.54
BAL,AL,1974,659,612,91,0.322,0.37,0.256,1,2,3,162,,,0.29,0.562
BOS,AL,1974,696,661,84,0.333,0.377,0.264,0,,,162,,,0.216,0.519
CAL,AL,1974,618,657,68,0.321,0.356,0.254,0,,,163,,,-0.239,0.417
CHC,NL,1974,669,826,66,0.327,0.365,0.251,0,,,162,,,-0.969,0.407
CHW,AL,1974,684,721,80,0.33,0.389,0.268,0,,,163,,,-0.227,0.491
CIN,NL,1974,776,631,98,0.343,0.394,0.26,0,,,163,,,0.89,0.601
CLE,AL,1974,662,694,77,0.311,0.37,0.255,0,,,162,,,-0.198,0.475
DET,AL,1974,620,768,72,0.303,0.366,0.247,0,,,162,,,-0.914,0.444
HOU,NL,1974,653,632,81,0.322,0.378,0.263,0,,,162,,,0.13,0.5
KCR,AL,1974,667,662,77,0.327,0.364,0.259,0,,,162,,,0.031,0.475
LAD,NL,1974,798,561,102,0.342,0.401,0.272,1,1,2,162,,,1.463,0.63
MIL,AL,1974,647,660,76,0.309,0.369,0.244,0,,,162,,,-0.08,0.469
MIN,AL,1974,673,669,82,0.336,0.378,0.272,0,,,163,,,0.025,0.503
MON,NL,1974,662,657,79,0.335,0.35,0.254,0,,,161,,,0.031,0.491
NYM,NL,1974,572,646,71,0.311,0.329,0.235,0,,,162,,,-0.457,0.438
NYY,AL,1974,671,623,89,0.324,0.368,0.263,0,,,162,,,0.296,0.549
OAK,AL,1974,689,551,90,0.321,0.373,0.247,1,3,1,162,,,0.852,0.556
PHI,NL,1974,676,701,80,0.32,0.373,0.261,0,,,162,,,-0.154,0.494
PIT,NL,1974,751,657,88,0.335,0.391,0.274,1,4,3,162,,,0.58,0.543
SDP,NL,1974,541,830,60,0.302,0.33,0.229,0,,,162,,,-1.784,0.37
SFG,NL,1974,634,723,72,0.322,0.358,0.252,0,,,162,,,-0.549,0.444
STL,NL,1974,677,643,86,0.331,0.365,0.265,0,,,161,,,0.211,0.534
TEX,AL,1974,690,698,83,0.336,0.377,0.272,0,,,161,,,-0.05,0.516
ATL,NL,1973,799,774,76,0.339,0.427,0.266,0,,,162,,,0.154,0.469
BAL,AL,1973,754,561,97,0.345,0.389,0.266,1,2,3,162,,,1.191,0.599
BOS,AL,1973,738,647,89,0.338,0.401,0.267,0,,,162,,,0.562,0.549
CAL,AL,1973,629,657,79,0.318,0.348,0.253,0,,,162,,,-0.173,0.488
CHC,NL,1973,614,655,77,0.32,0.357,0.247,0,,,161,,,-0.255,0.478
CHW,AL,1973,652,705,77,0.324,0.372,0.256,0,,,162,,,-0.327,0.475
CIN,NL,1973,741,621,99,0.332,0.383,0.254,1,1,3,162,,,0.741,0.611
CLE,AL,1973,680,826,71,0.315,0.387,0.256,0,,,162,,,-0.901,0.438
DET,AL,1973,642,674,85,0.32,0.39,0.254,0,,,162,,,-0.198,0.525
HOU,NL,1973,681,672,82,0.312,0.376,0.251,0,,,162,,,0.056,0.506
KCR,AL,1973,755,752,88,0.339,0.381,0.261,0,,,162,,,0.019,0.543
LAD,NL,1973,675,565,95,0.323,0.371,0.263,0,,,162,,,0.679,0.586
MIL,AL,1973,708,731,74,0.325,0.388,0.253,0,,,162,,,-0.142,0.457
MIN,AL,1973,738,692,81,0.342,0.393,0.27,0,,,162,,,0.284,0.5
MON,NL,1973,668,702,79,0.34,0.364,0.251,0,,,162,,,-0.21,0.488
NYM,NL,1973,608,588,82,0.315,0.338,0.246,1,4,2,161,,,0.124,0.509
NYY,AL,1973,641,610,80,0.322,0.378,0.261,0,,,162,,,0.191,0.494
OAK,AL,1973,758,615,94,0.333,0.389,0.26,1,3,1,162,,,0.883,0.58
PHI,NL,1973,642,717,71,0.31,0.371,0.249,0,,,162,,,-0.463,0.438
PIT,NL,1973,704,693,80,0.315,0.405,0.261,0,,,162,,,0.068,0.494
SDP,NL,1973,548,770,60,0.296,0.351,0.244,0,,,162,,,-1.37,0.37
SFG,NL,1973,739,702,88,0.335,0.407,0.262,0,,,162,,,0.228,0.543
STL,NL,1973,643,603,81,0.325,0.357,0.259,0,,,162,,,0.247,0.5
TEX,AL,1973,619,844,57,0.318,0.361,0.255,0,,,162,,,-1.389,0.352
ATL,NL,1971,643,699,82,0.312,0.385,0.257,0,,,162,,,-0.346,0.506
BAL,AL,1971,742,530,101,0.347,0.398,0.261,1,1,2,158,,,1.342,0.639
BOS,AL,1971,691,667,85,0.322,0.397,0.252,0,,,162,,,0.148,0.525
CAL,AL,1971,511,576,76,0.29,0.329,0.231,0,,,162,,,-0.401,0.469
CHC,NL,1971,637,648,83,0.325,0.378,0.258,0,,,162,,,-0.068,0.512
CHW,AL,1971,617,597,79,0.325,0.373,0.25,0,,,162,,,0.123,0.488
CIN,NL,1971,586,581,79,0.3,0.366,0.241,0,,,162,,,0.031,0.488
CLE,AL,1971,543,747,60,0.3,0.342,0.238,0,,,162,,,-1.259,0.37
DET,AL,1971,701,645,91,0.325,0.405,0.254,0,,,162,,,0.346,0.562
HOU,NL,1971,585,567,79,0.302,0.34,0.24,0,,,162,,,0.111,0.488
KCR,AL,1971,603,566,85,0.313,0.353,0.25,0,,,161,,,0.23,0.528
LAD,NL,1971,663,587,89,0.325,0.37,0.266,0,,,162,,,0.469,0.549
MIL,AL,1971,534,609,69,0.304,0.329,0.229,0,,,161,,,-0.466,0.429
MIN,AL,1971,654,670,74,0.323,0.372,0.26,0,,,160,,,-0.1,0.463
MON,NL,1971,622,729,71,0.322,0.343,0.246,0,,,162,,,-0.66,0.438
NYM,NL,1971,588,550,83,0.319,0.351,0.249,0,,,162,,,0.235,0.512
NYY,AL,1971,648,641,81,0.328,0.36,0.254,0,,,162,,,0.043,0.5
OAK,AL,1971,691,564,101,0.321,0.384,0.252,1,1,3,161,,,0.789,0.627
PHI,NL,1971,558,688,67,0.298,0.35,0.233,0,,,162,,,-0.802,0.414
PIT,NL,1971,788,599,97,0.33,0.416,0.274,1,2,1,162,,,1.167,0.599
SDP,NL,1971,486,610,61,0.293,0.332,0.233,0,,,161,,,-0.77,0.379
SFG,NL,1971,706,644,90,0.329,0.378,0.247,1,3,3,162,,,0.383,0.556
STL,NL,1971,739,699,90,0.338,0.385,0.275,0,,,163,,,0.245,0.552
WSA,AL,1971,537,660,63,0.307,0.326,0.23,0,,,159,,,-0.774,0.396
ATL,NL,1970,736,772,76,0.334,0.404,0.27,0,,,162,,,-0.222,0.469
BAL,AL,1970,792,574,108,0.344,0.401,0.257,1,1,1,162,,,1.346,0.667
BOS,AL,1970,786,722,87,0.335,0.428,0.262,0,,,162,,,0.395,0.537
CAL,AL,1970,631,630,86,0.309,0.363,0.251,0,,,162,,,0.006,0.531
CHC,NL,1970,806,679,84,0.333,0.415,0.259,0,,,162,,,0.784,0.519
CHW,AL,1970,633,822,56,0.315,0.362,0.253,0,,,162,,,-1.167,0.346
CIN,NL,1970,775,681,102,0.336,0.436,0.27,1,2,2,162,,,0.58,0.63
CLE,AL,1970,649,675,76,0.314,0.394,0.249,0,,,162,,,-0.16,0.469
DET,AL,1970,666,731,79,0.322,0.374,0.238,0,,,162,,,-0.401,0.488
HOU,NL,1970,744,763,79,0.332,0.391,0.259,0,,,162,,,-0.117,0.488
KCR,AL,1970,611,705,65,0.309,0.348,0.244,0,,,162,,,-0.58,0.401
LAD,NL,1970,749,684,87,0.334,0.382,0.27,0,,,161,,,0.404,0.54
MIL,AL,1970,613,751,65,0.319,0.358,0.242,0,,,163,,,-0.847,0.399
MIN,AL,1970,744,605,98,0.327,0.403,0.262,1,3,3,162,,,0.858,0.605
MON,NL,1970,687,807,73,0.323,0.365,0.237,0,,,162,,,-0.741,0.451
NYM,NL,1970,695,630,83,0.333,0.37,0.249,0,,,162,,,0.401,0.512
NYY,AL,1970,680,612,93,0.324,0.365,0.251,0,,,163,,,0.417,0.571
OAK,AL,1970,678,593,89,0.325,0.392,0.249,0,,,162,,,0.525,0.549
PHI,NL,1970,594,730,73,0.305,0.356,0.238,0,,,161,,,-0.845,0.453
PIT,NL,1970,729,664,89,0.325,0.406,0.27,1,4,3,162,,,0.401,0.549
SDP,NL,1970,681,788,63,0.312,0.391,0.246,0,,,162,,,-0.66,0.389
SFG,NL,1970,831,826,86,0.351,0.409,0.262,0,,,162,,,0.031,0.531
STL,NL,1970,744,747,76,0.331,0.379,0.263,0,,,162,,,-0.019,0.469
WSA,AL,1970,626,689,70,0.321,0.358,0.238,0,,,162,,,-0.389,0.432
ATL,NL,1969,691,631,93,0.321,0.38,0.258,1,4,3,162,,,0.37,0.574
BAL,AL,1969,779,517,109,0.343,0.414,0.265,1,1,2,162,,,1.617,0.673
BOS,AL,1969,743,736,87,0.333,0.415,0.251,0,,,162,,,0.043,0.537
CAL,AL,1969,528,652,71,0.3,0.319,0.23,0,,,163,,,-0.761,0.436
CHC,NL,1969,720,611,92,0.323,0.384,0.253,0,,,163,,,0.669,0.564
CHW,AL,1969,625,723,68,0.32,0.357,0.247,0,,,162,,,-0.605,0.42
CIN,NL,1969,798,768,89,0.335,0.422,0.277,0,,,163,,,0.184,0.546
CLE,AL,1969,573,717,62,0.307,0.345,0.237,0,,,161,,,-0.894,0.385
DET,AL,1969,701,601,90,0.316,0.387,0.242,0,,,162,,,0.617,0.556
HOU,NL,1969,676,668,81,0.33,0.352,0.24,0,,,162,,,0.049,0.5
KCR,AL,1969,586,688,69,0.309,0.338,0.24,0,,,163,,,-0.626,0.423
LAD,NL,1969,645,561,85,0.315,0.359,0.254,0,,,162,,,0.519,0.525
MIN,AL,1969,790,618,97,0.34,0.408,0.268,1,3,3,162,,,1.062,0.599
MON,NL,1969,582,791,52,0.31,0.359,0.24,0,,,162,,,-1.29,0.321
NYM,NL,1969,632,541,100,0.311,0.351,0.242,1,2,1,162,,,0.562,0.617
NYY,AL,1969,562,587,80,0.308,0.344,0.235,0,,,162,,,-0.154,0.494
OAK,AL,1969,740,678,88,0.329,0.376,0.249,0,,,162,,,0.383,0.543
PHI,NL,1969,645,745,63,0.312,0.372,0.241,0,,,162,,,-0.617,0.389
PIT,NL,1969,725,652,88,0.334,0.398,0.277,0,,,162,,,0.451,0.543
SDP,NL,1969,468,746,52,0.285,0.329,0.225,0,,,162,,,-1.716,0.321
SEP,AL,1969,639,799,64,0.316,0.346,0.234,0,,,163,,,-0.982,0.393
SFG,NL,1969,713,636,90,0.334,0.361,0.242,0,,,162,,,0.475,0.556
STL,NL,1969,595,540,87,0.316,0.359,0.253,0,,,162,,,0.34,0.537
WSA,AL,1969,694,644,86,0.33,0.378,0.251,0,,,162,,,0.309,0.531
ATL,NL,1968,514,549,81,0.307,0.339,0.252,0,,,163,,,-0.215,0.497
BAL,AL,1968,579,497,91,0.304,0.352,0.225,0,,,162,,,0.506,0.562
BOS,AL,1968,614,611,86,0.313,0.352,0.236,0,,,162,,,0.019,0.531
CAL,AL,1968,498,615,67,0.291,0.318,0.227,0,,,162,,,-0.722,0.414
CHC,NL,1968,612,611,84,0.298,0.366,0.242,0,,,163,,,0.006,0.515
CHW,AL,1968,463,527,67,0.284,0.311,0.228,0,,,162,,,-0.395,0.414
CIN,NL,1968,690,673,83,0.32,0.389,0.273,0,,,163,,,0.104,0.509
CLE,AL,1968,516,504,86,0.293,0.327,0.234,0,,,162,,,0.074,0.531
DET,AL,1968,671,492,103,0.307,0.385,0.235,1,1,1,164,,,1.091,0.628
HOU,NL,1968,510,588,72,0.298,0.317,0.231,0,,,162,,,-0.481,0.444
LAD,NL,1968,470,509,76,0.289,0.319,0.23,0,,,162,,,-0.241,0.469
MIN,AL,1968,562,546,79,0.299,0.35,0.237,0,,,162,,,0.099,0.488
NYM,NL,1968,473,499,73,0.281,0.315,0.228,0,,,163,,,-0.16,0.448
NYY,AL,1968,536,531,83,0.292,0.318,0.214,0,,,164,,,0.03,0.506
OAK,AL,1968,569,544,82,0.304,0.343,0.24,0,,,163,,,0.153,0.503
PHI,NL,1968,543,615,76,0.294,0.333,0.233,0,,,162,,,-0.444,0.469
PIT,NL,1968,583,532,80,0.306,0.343,0.252,0,,,163,,,0.313,0.491
SFG,NL,1968,599,529,88,0.307,0.341,0.239,0,,,163,,,0.429,0.54
STL,NL,1968,583,472,97,0.298,0.346,0.249,1,2,2,162,,,0.685,0.599
WSA,AL,1968,524,665,65,0.287,0.336,0.224,0,,,161,,,-0.876,0.404
ATL,NL,1967,631,640,77,0.307,0.372,0.24,0,,,162,,,-0.056,0.475
BAL,AL,1967,654,592,76,0.31,0.372,0.24,0,,,161,,,0.385,0.472
BOS,AL,1967,722,614,92,0.321,0.395,0.255,1,2,2,162,,,0.667,0.568
CAL,AL,1967,567,587,84,0.301,0.349,0.238,0,,,161,,,-0.124,0.522
CHC,NL,1967,702,624,87,0.316,0.378,0.251,0,,,162,,,0.481,0.537
CHW,AL,1967,531,491,89,0.291,0.32,0.225,0,,,162,,,0.247,0.549
CIN,NL,1967,604,563,87,0.297,0.372,0.248,0,,,162,,,0.253,0.537
CLE,AL,1967,559,613,75,0.293,0.359,0.235,0,,,162,,,-0.333,0.463
DET,AL,1967,683,587,91,0.325,0.376,0.243,0,,,163,,,0.589,0.558
HOU,NL,1967,626,742,69,0.317,0.364,0.249,0,,,162,,,-0.716,0.426
KCA,AL,1967,533,660,62,0.296,0.33,0.233,0,,,161,,,-0.789,0.385
LAD,NL,1967,519,595,73,0.301,0.332,0.236,0,,,162,,,-0.469,0.451
MIN,AL,1967,671,590,91,0.309,0.369,0.24,0,,,164,,,0.494,0.555
NYM,NL,1967,498,672,61,0.288,0.325,0.238,0,,,162,,,-1.074,0.377
NYY,AL,1967,522,621,72,0.296,0.317,0.225,0,,,163,,,-0.607,0.442
PHI,NL,1967,612,581,82,0.313,0.357,0.242,0,,,162,,,0.191,0.506
PIT,NL,1967,679,693,81,0.324,0.38,0.277,0,,,163,,,-0.086,0.497
SFG,NL,1967,652,551,91,0.313,0.372,0.245,0,,,162,,,0.623,0.562
STL,NL,1967,695,557,101,0.32,0.379,0.263,1,1,1,161,,,0.857,0.627
WSA,AL,1967,550,637,76,0.288,0.326,0.223,0,,,161,,,-0.54,0.472
ATL,NL,1966,782,683,85,0.326,0.424,0.263,0,,,163,,,0.607,0.521
BAL,AL,1966,755,601,97,0.324,0.409,0.258,1,1,1,160,,,0.963,0.606
BOS,AL,1966,655,731,72,0.31,0.376,0.24,0,,,162,,,-0.469,0.444
CAL,AL,1966,604,643,80,0.303,0.354,0.232,0,,,162,,,-0.241,0.494
CHC,NL,1966,644,809,59,0.313,0.38,0.254,0,,,162,,,-1.019,0.364
CHW,AL,1966,574,517,83,0.297,0.331,0.231,0,,,163,,,0.35,0.509
CIN,NL,1966,692,702,76,0.309,0.395,0.26,0,,,160,,,-0.063,0.475
CLE,AL,1966,574,586,81,0.297,0.36,0.237,0,,,162,,,-0.074,0.5
DET,AL,1966,719,698,88,0.321,0.406,0.251,0,,,162,,,0.13,0.543
HOU,NL,1966,612,695,72,0.318,0.365,0.255,0,,,163,,,-0.509,0.442
KCA,AL,1966,564,648,74,0.294,0.337,0.236,0,,,160,,,-0.525,0.463
LAD,NL,1966,606,490,95,0.314,0.362,0.256,1,2,2,162,,,0.716,0.586
MIN,AL,1966,663,581,89,0.316,0.382,0.249,0,,,162,,,0.506,0.549
NYM,NL,1966,587,761,66,0.301,0.342,0.239,0,,,161,,,-1.081,0.41
NYY,AL,1966,611,612,70,0.299,0.374,0.235,0,,,160,,,-0.006,0.438
PHI,NL,1966,696,640,87,0.322,0.378,0.258,0,,,162,,,0.346,0.537
PIT,NL,1966,759,641,92,0.329,0.428,0.279,0,,,162,,,0.728,0.568
SFG,NL,1966,675,626,93,0.303,0.392,0.248,0,,,161,,,0.304,0.578
STL,NL,1966,571,577,83,0.298,0.368,0.251,0,,,162,,,-0.037,0.512
WSA,AL,1966,557,659,71,0.295,0.355,0.234,0,,,159,,,-0.642,0.447
BAL,AL,1965,641,578,94,0.307,0.363,0.238,0,,,162,,,0.389,0.58
BOS,AL,1965,669,791,62,0.327,0.4,0.251,0,,,162,,,-0.753,0.383
CAL,AL,1965,527,569,75,0.297,0.341,0.239,0,,,162,,,-0.259,0.463
CHC,NL,1965,635,723,72,0.307,0.358,0.238,0,,,164,,,-0.537,0.439
CHW,AL,1965,647,555,95,0.315,0.364,0.246,0,,,162,,,0.568,0.586
CIN,NL,1965,825,704,89,0.339,0.439,0.273,0,,,162,,,0.747,0.549
CLE,AL,1965,663,613,87,0.315,0.379,0.25,0,,,162,,,0.309,0.537
DET,AL,1965,680,602,89,0.312,0.374,0.238,0,,,162,,,0.481,0.549
HOU,NL,1965,569,711,65,0.305,0.34,0.237,0,,,162,,,-0.877,0.401
KCA,AL,1965,585,755,59,0.309,0.358,0.24,0,,,162,,,-1.049,0.364
LAD,NL,1965,608,521,97,0.312,0.335,0.245,1,2,1,162,,,0.537,0.599
MIN,AL,1965,774,600,102,0.324,0.399,0.254,1,1,2,162,,,1.074,0.63
MLN,NL,1965,708,633,86,0.31,0.416,0.256,0,,,162,,,0.463,0.531
NYM,NL,1965,495,752,50,0.277,0.327,0.221,0,,,164,,,-1.567,0.305
NYY,AL,1965,611,604,77,0.299,0.364,0.235,0,,,162,,,0.043,0.475
PHI,NL,1965,654,667,85,0.313,0.384,0.25,0,,,162,,,-0.08,0.525
PIT,NL,1965,675,580,90,0.317,0.382,0.265,0,,,163,,,0.583,0.552
SFG,NL,1965,682,593,95,0.313,0.385,0.252,0,,,163,,,0.546,0.583
STL,NL,1965,707,674,80,0.314,0.371,0.254,0,,,162,,,0.204,0.494
WSA,AL,1965,591,721,70,0.304,0.35,0.228,0,,,162,,,-0.802,0.432
BAL,AL,1964,679,567,97,0.316,0.387,0.248,0,,,163,,,0.687,0.595
BOS,AL,1964,688,793,72,0.322,0.416,0.258,0,,,162,,,-0.648,0.444
CHC,NL,1964,649,724,76,0.314,0.39,0.251,0,,,162,,,-0.463,0.469
CHW,AL,1964,642,501,98,0.32,0.353,0.247,0,,,162,,,0.87,0.605
CIN,NL,1964,660,566,92,0.308,0.372,0.249,0,,,163,,,0.577,0.564
CLE,AL,1964,689,693,79,0.312,0.38,0.247,0,,,164,,,-0.024,0.482
DET,AL,1964,699,678,85,0.319,0.395,0.253,0,,,163,,,0.129,0.521
HOU,NL,1964,495,628,66,0.285,0.315,0.229,0,,,162,,,-0.821,0.407
KCA,AL,1964,621,836,57,0.311,0.379,0.239,0,,,163,,,-1.319,0.35
LAA,AL,1964,544,551,82,0.304,0.344,0.242,0,,,162,,,-0.043,0.506
LAD,NL,1964,614,572,80,0.305,0.34,0.25,0,,,164,,,0.256,0.488
MIN,AL,1964,737,678,79,0.322,0.427,0.252,0,,,163,,,0.362,0.485
MLN,NL,1964,803,744,88,0.333,0.418,0.272,0,,,162,,,0.364,0.543
NYM,NL,1964,569,776,53,0.296,0.348,0.246,0,,,163,,,-1.27,0.325
NYY,AL,1964,730,577,99,0.317,0.387,0.253,1,1,2,164,,,0.933,0.604
PHI,NL,1964,693,632,92,0.315,0.391,0.258,0,,,162,,,0.377,0.568
PIT,NL,1964,663,636,80,0.315,0.389,0.264,0,,,162,,,0.167,0.494
SFG,NL,1964,656,587,90,0.31,0.382,0.246,0,,,162,,,0.426,0.556
STL,NL,1964,715,652,93,0.324,0.392,0.272,1,2,1,162,,,0.389,0.574
WSA,AL,1964,578,733,62,0.299,0.348,0.231,0,,,162,,,-0.957,0.383
BAL,AL,1963,644,621,86,0.31,0.38,0.249,0,,,162,,,0.142,0.531
BOS,AL,1963,666,704,76,0.312,0.4,0.252,0,,,161,,,-0.236,0.472
CHC,NL,1963,570,578,82,0.297,0.363,0.238,0,,,162,,,-0.049,0.506
CHW,AL,1963,683,544,94,0.323,0.365,0.25,0,,,162,,,0.858,0.58
CIN,NL,1963,648,594,86,0.31,0.371,0.246,0,,,162,,,0.333,0.531
CLE,AL,1963,635,702,79,0.301,0.381,0.239,0,,,162,,,-0.414,0.488
DET,AL,1963,700,703,79,0.327,0.382,0.252,0,,,162,,,-0.019,0.488
HOU,NL,1963,464,640,66,0.283,0.301,0.22,0,,,162,,,-1.086,0.407
KCA,AL,1963,615,704,73,0.313,0.353,0.247,0,,,162,,,-0.549,0.451
LAA,AL,1963,597,660,70,0.309,0.354,0.25,0,,,161,,,-0.391,0.435
LAD,NL,1963,640,550,99,0.309,0.357,0.251,1,2,1,163,,,0.552,0.607
MIN,AL,1963,767,602,91,0.325,0.43,0.255,0,,,161,,,1.025,0.565
MLN,NL,1963,677,603,84,0.312,0.37,0.244,0,,,163,,,0.454,0.515
NYM,NL,1963,501,774,51,0.285,0.315,0.219,0,,,162,,,-1.685,0.315
NYY,AL,1963,714,547,104,0.309,0.403,0.252,1,1,2,161,,,1.037,0.646
PHI,NL,1963,642,578,87,0.306,0.381,0.252,0,,,162,,,0.395,0.537
PIT,NL,1963,567,595,74,0.309,0.359,0.25,0,,,162,,,-0.173,0.457
SFG,NL,1963,725,641,88,0.316,0.414,0.258,0,,,162,,,0.519,0.543
STL,NL,1963,747,628,93,0.326,0.403,0.271,0,,,162,,,0.735,0.574
WSA,AL,1963,578,812,56,0.293,0.351,0.227,0,,,162,,,-1.444,0.346
BAL,AL,1962,652,680,77,0.314,0.387,0.248,0,,,162,,,-0.173,0.475
BOS,AL,1962,707,756,76,0.324,0.403,0.258,0,,,160,,,-0.306,0.475
CHC,NL,1962,632,827,59,0.317,0.377,0.253,0,,,162,,,-1.204,0.364
CHW,AL,1962,707,658,85,0.334,0.372,0.257,0,,,162,,,0.302,0.525
CIN,NL,1962,802,685,98,0.332,0.417,0.27,0,,,162,,,0.722,0.605
CLE,AL,1962,682,745,80,0.312,0.388,0.245,0,,,162,,,-0.389,0.494
DET,AL,1962,758,692,85,0.33,0.411,0.248,0,,,161,,,0.41,0.528
HOU,NL,1962,592,717,64,0.31,0.351,0.246,0,,,162,,,-0.772,0.395
KCA,AL,1962,745,837,72,0.332,0.386,0.263,0,,,162,,,-0.568,0.444
LAA,AL,1962,718,706,86,0.325,0.38,0.25,0,,,162,,,0.074,0.531
LAD,NL,1962,842,697,102,0.337,0.4,0.268,0,,,165,,,0.879,0.618
MIN,AL,1962,798,713,91,0.338,0.412,0.26,0,,,163,,,0.521,0.558
MLN,NL,1962,730,665,86,0.326,0.403,0.252,0,,,162,,,0.401,0.531
NYM,NL,1962,617,948,40,0.318,0.361,0.24,0,,,161,,,-2.056,0.248
NYY,AL,1962,817,680,96,0.337,0.426,0.267,1,2,1,162,,,0.846,0.593
PHI,NL,1962,705,759,81,0.33,0.39,0.26,0,,,161,,,-0.335,0.503
PIT,NL,1962,706,626,93,0.321,0.394,0.268,0,,,161,,,0.497,0.578
SFG,NL,1962,878,690,103,0.341,0.441,0.278,1,1,2,165,,,1.139,0.624
STL,NL,1962,774,664,84,0.335,0.394,0.271,0,,,163,,,0.675,0.515
WSA,AL,1962,599,716,60,0.308,0.373,0.25,0,,,162,,,-0.722,0.37
